Address,Transaction ID,Total Committed Amount in Algo
MQWD6RCCFTRHSMHY7VY74MJPR53ZYPSWH7YQ3V3DJJWIGTXJCZAGQ5IHYY,YBL5A2NJYUYXVTTTCSUIXVLGTBDL4YS2YOHJBEK5LOU5IDPF3CCQ,10281804799
P6WUIHYIWYX65SG57BPUCW3SE6HHT5CBPVY37AERJO4JIL3MYMMR5PU7TU,52DMXASFL57BVBOMBBBFZK7JXCPRQIA4RQJULSLIOLO54EO7P5RQ,19939659999
GQRFIB3V7ZNTBFLGM6FHSFNRUOCZLS26NBJBD65YHG7DCSX7QTY2EE5RME,PU7FVSB4YWAGDNTRGFZAZWMZXBGKBEMOXIE552RMF3LGWTCGU7IQ,10000000
XC6AU3RMJP3VRBSGOZU2XWXY4HBZHASCZVHNJIUQDGH3RTHKLMJ3IZ72ZU,XTKTJXDURDMQITSNUC3FAFOGPQOVPLW7GURBFSSJK7V46D564KZA,1000000
ONQMHFRJYQXJ2MDRYVORFHPUBYQ7ZAMZQOEPZWAJI553S652XUK7Y6BR3A,N4SLUPF7NTARX72WAAP6LQ2DDM5PJKFJGLH4TNAOW2Q3F6TO4IVA,11128173060
M74Z2DMI2FVYOTTLKK4X54PPSJUUNAG2WDIJ6ZDLVGSRNIVBHSKS5MG5C4,T27EYBN7JJ5S6FCO4O35WJLXPXIPYNXXKOTHKCZVK356MH3UESAQ,2000000
VIBZIL3UAPF66S2DID4XNIMVE3AQSGFWY3MJLPMEQMUFGJ63OAYO7FGTUY,KH5OF3YXQWJKEVFVJ3S36ZAJAMEYPTFNLAUHALMF5SD2CBW33KOA,30180313
A5KGIDDIIJCH62OARZ4UUHDYGF5DM7XRNNRRWDP3JEEWPPXWQLPFP2QXDY,DJ4NTKKD4H6IT7XRYEIABY7EJ7H365VGPWXF3YRU5G3WUZ25K3XQ,10646090453
IQKDCMQ3ESXY2AG6XPI7CT3VRSJ5BWLXYWT334KRXSJPCRF4UGW2DJJFYU,3DTS35WP5FCG7B5LOH5S62XJ4HWK3MBD7PN7JOUXFGNP7VKNKPRQ,97751149
AHJAWACFKXK5L3P2S6BKTC35MSAO7BKFQZILO3A3HUXAMKVYWCQ2AV4KR4,CIX4FFTRZEAAMXBAKQYACFNO554PYOLXJBI56E4QQBUAXSEY7KTA,600000
BHJOWNB55AQOZZ6R3C3JYTJZM44WEK3ZVCSJP4XPV4CGBNAQR5TDYGVP7Q,X4JGXPMPCX3P3BOWVL5WE2PLOOVYIBUJEU7R7HLUEPJ4UUA4YC6Q,393000000000
7ARXGIITMCBVQYFDRKOEGVZLCRP2T6N6FYKDEGKUP5LUE2R4BQBJODVBJU,ZXNK7GD6U4HXLJLBTNVCGQINV7PUFMCTCFGE2KEY622TLJDMT27A,11116928220
OBYNIOO6SNANA4CXA3KY5XEOSKPAZPUE476O3AUPOTQBD6QUHOL4H5ABQE,AO2KDIUE4MRDW6HFQCXWOENCTR6WYFPHYGMQG5FM6EHNNKWKG4TA,12084013201
PTDHJDTOQQUMZPUVLRL27XERLKBGZPVS7ESS7VD7OFSKY7KH4PAE5ZHTVQ,3TJNV33QFQ4DP65A576P4OIHWZ77NASQLZZ4C3ARIRMTQL2TJMJQ,4999604798
FC2CHD4C3KNKN4URHXL6BWUCFIVRJLOW2JSJRWCBKGU34EMOHY5NEHBU4Y,BF33VL2OIXTLAZIAUPLIO323SC7VMLL53V43R7FIYWEXXW2ATXEA,1505581973
AW66YCXFCFLNAMIX6HX5CRPERORX3PIXDXZ3BPQVCGQN4DJG6CZNUITYMI,YUKRESPQKGP2ZSYVHWH57DQVVAE4XUCBFFGFEANDJPOUJOZ77DRA,3346174862
IRULNMF2E2CYZYARUOPIREONR3NLMM5B4MXT36YHYXMW6KIF7OHLYLN4EE,AQAPLKWXJMLH2MMFUQCJGVHC65U3EQFPWTXQI3UG5GAROBUVLKZQ,19168996940
KQWVYTSHYVZKRU7W3JNKO3WKBFMJPR7KUPN7MLGAVDDN7KF3DPKAPPGNWA,O6BUVB5IW5IF2ISKICKUENXUBYCMZSJX46GVSTPRKDP7VSE55ZPQ,150000000000
7Q5N5MULWXNPXFID4JUCBNGD7FCRBKB6B6IGS6ZRDZP5K66RSWGELHQL5Q,UH4ADWMR6R5LDPKYPFWSWP26NTRFFC5UWXXWUSXQCSZP2VF62O2A,164149585
U7HPGW736FP7HJ2CWKMX5IYEWXBU2JVDIBOLUCWGIX3SRVGABTEBI5DX5M,RUP6D22BZKECESDTQPFTAXB3UOQXW3YSPEI7IDLP2HV4ZCZHOXFQ,427750721
XX5RLMK7ZMTKPFXNEDHJUHR4IIUDGV3YADRJAB2XG7LY2ICVFGQHVHOFHA,P7KDGVOBXNGDLNYA5QXCUF7ME4XJGC2XVZSO6GRFDGBGMIR2D3JA,41350000000
ZASH3O3IBABB47KDA7LOJOF5L5DCWNP3T5UCPAOTTTL57SFRTRAXCVT6O4,3YLKP44HZWHCCWHZEY42R4XJKIQCUOOTSQ3DISLSW6URZ4SBMJZQ,692293839
BGQFUP73VXYUVTBGH25YO67HJRFLYRT5NSRFJV3TNME7YJFJU6VOAIG574,RQO25LUGOQE5M43FGLR5EVM2LI5ECNPEQPLO35CZKWR4WHXJFITA,90119472
MH42GGEFHGSE72HXQ4S5CXTLGNO6DIIBGVEKAKK6VEHALIGGPRL2TBO5FM,32QULQ3WZYE4OHQPGQFOTLOHZXV3LNCEDNFEKRIOF2D6LXA3S7UQ,931131859
3GRCHXWCLAJBAGVS4S637X7RQ4XNUT75KQ2MZ2NSLPZL422JMGJDTPRTDQ,GIPZ3BMGAZ45D4A74WGNRTYGK6XSYISD4DNY6OER6PZB5DTCLXQA,1700894333
6S6OQWJBEB7NLEHO6ZMMDJFJ2D5QLFSV5EPYLTUW3PIK2E5EZWEYQSJVL4,TXZAJSDTQNRA6WHC2SNFZE3U2CZG7JF3VUXP32F5DJP7ZHKKIHNA,20000000
TPAQWEDSGQNAZIJZOUU6D5IBYNPAEKEKDHIBPVZ4H2ERRPCNQGXP6T2XLA,WQZYQS3RGZPXCAWZCTLGZDSKN4KCGQAEPB2QFHDN4CFXZQDKSKKQ,19300000000
IC6GKVIMHWKL74HDTWBIWX2XJEL7VG2UNNFLJ3I3YGOPUJAO3ORQRKMGGQ,ZJ3RJEECZ7HU3M4SU3L5ZPVNTXXERXOMMXGIRF3TFRGEKGXUWLKQ,288000
2BCRBLQFLLOMGFIFANIDZ2GUW77BPYCKVIWNDGR3KYG7BXDMMTJXEFWQ3A,DPSLVQIB4R43DHQTU4JFXXVDUT7VLOJ6BGFVT2QBRSGK63VUSYNA,7000000000
CVHM3FS34TBDHDF5YBEFZH3REKUUBBBPFZVHKYWGQJESOSBQRGVF76HTDA,DFNL3DGDPUME3365UFZZE7XR6QPMQVMKDZIBDND2PAMBDBPA52AA,36558499261
T2VZU55WH2IFW2EXGWZUCULYJPCDKSZN6ZJASSNCIKJP6HZ537S4U5X5WA,BCTJ42DPKWHAZGUIQ7E6ZME7KJ277IMXENJLE5TM2JQ7Z5GYUIXA,48428705
TIGER4VK5MHK2TIE2DLV5LQSJLZQROKY4H5VC3HXNTMDOPPMSPKKS4TK44,YCS6FOHUFIIXJXODPZU7B6MWC5YWPFOCC4NQ7NF6EQRDMZD7XEQQ,8888000
3TZERM7CVEYDZUEGHKDJNBMXIHQ3ND6KVWZGNETR666APESOUJVEGHW5FQ,6U6EH7YMLFSEYDS7CKL7FLQJIIYE7VOZIBIRDFZBP5VZD6JY2I7Q,19011582
TFEVBAKHB6MGSHBLWKKRUUNCKXXRQ6CDHD63Q5DCJG3CSFNPYEWMA4WR2Y,UIDBT262JKLKB6TLDG6Q6FXBRM2P2RFQICKUCDMZ6WBIKIYKICQQ,2987000
DUZVMLNPMSQ5D36KV2ZPZZSJ52G5HPILZHUISMTTRASF4FQ676SKLNI6KE,MMSU74NEZTL73GV56UQ7N4N76IJORYOHD3N4VCSJMYZQ6PICHTPA,122193569
MMOSX2JGAAFRRPPQFZBR4BNCGJFQF4WKHI2JKB76DQZV7ZVIELRSBXR2ZQ,SVICJZCHA6RB6YKHSCPBUFLISZOY7B3LPVRLVV6TCSNULC4VMVLQ,119964017243
7JWJTKWGACSPB2YUVKTWHRCKQ3IQHUWAZISGEGQAAWFM6J3YSJOKIE4W6Q,ECJGNX27XVKDQOBY2ODQC2AP5E77NWU2OFH2YVXWU5EMZNGFP4XA,40000000000
YCAPMLQANHERA7Z33UUACC6I5Q5K7WXY4FRDSAZTPQFTQ2RKEAZBXFWIQY,7P4IRQLEB6CN5ACHN5ZEAEV7SVAAIZ7QO6FZXERQ6PDVCLG3HQRQ,3849999999
PQTH7FRHBMOTJX36CNHKFYSHGRZWJYJLWMRNBVZBFZU4BYDREOQBQZ53JU,VVM6CK5CE2VGKCPREEJ73M6WMSWXO2E732PENGPAVSMKPHGXMECA,286958258
7BXIAE7Y5PMGXNYO6KXIC4PGXHOR7LJ6RA7MI7K5S3ZYLK4IN3H5M6Z5NA,J2VMHOZCJSP5IPQHFARJYNELTMSQIAT7UZCPFZEUPGWWR7L5FTWA,2426326617
D5OY4A6R7YTPPUSA4IPA32R2XF2WPEMM6Y7BPMYUHXDJTJRNRSQNHK2HVM,6ZGHDVWDGKXNKNIBSZAFBTLIWECP2SMMPKJWTWIWPGXHIZGP6ROA,17274684
4OR55ULWA7JPHKMFYHO2V3EJURMQR7VZJVADSH5H6F2JJMEALROHVTM4RA,7RL3QPZFPM3TVY2QBW5N34IP6P5HIAUJECKOSMFZXA3VKF4JXNJQ,5805315219
HSIKND7DUOZ7KSQ7RP3YC7WANVO45YCKOC3AIR3VOUXLQE4BWOPJQOONBM,MSOOOLX4BBTLTXKBH2CD2AQ4QZ54EUCJLTP4SF25OE7R2YLONHRQ,10678826515
FVHTYBKLZXVOJASO7G37M2IZ32WQCKRHZ4ADLBM4GUEC3PCS4L6OIDMB5M,KOYXX2L6BB6YSBWC3OLOY3Y7CHB7DYQUB455X7UEJGZXPLXAJCOA,11000000
WHGSC56AAFOACIOLUVIR42O7HQDGJIXUBETJFFVZFURSTX7ZG4IRIDSTYY,JVSWJIZ36B4RSS4XQVGJ5ZKDDHJRFFNWG56QPVK73JJYPJOYYNCQ,11000000
ECV7LHFQNTLLFIRDVOOVU24JLH4LK4MTR5O4FPZLUTG4UEP5ECLXKVMQQA,NX2BPZFUI7ZPPIKJFKKADORQXNVDVLT7IRG5NCZAJJZI67Q2JMPQ,110000000
4JKEBL55T7E7IZSDR6ECR4Z4ZBA56LBZBVBZZEGNRC62XHRCLIBFJWSNB4,ZIB3IQS7BDNWTUSB3LKURPMXN5I3H2BPLC2EEBJT2QSZC4KH774A,206151437
2J33M5BOM3PS2743ORMK5JXE363CLQALSYI2COT4IU7GIHABUD2DL3LHMA,BPTMGPDPQQD44UFDXD66MROQ2AAZVFZ6HXQVK6U6E3FIRM2OLHUQ,226900064978
XDINHKUQYACMWD2B2GYFO3P6R7FENY33KQP77O3YMUYGPEZP2ONLCPK42A,3WGKV3XNTJLCUWPAOERQ6BMJKUY45TWK44CB4DMFN3OWK2EPJNWQ,187498452846
WL3UWX7UBWZEO3JGYDFMXFOQN4RFHBNUSK6NKW6OKAJ4BYYTILM5HTFGGM,PKJZTISP7KZESWGOYZG2YM4HT7QOV7QOJBX3KEDCPR76MKLCKLWQ,293842883227
4SYULBFWXKYVDXILELXSI2Q2EWEGOKXVWSZCKOQGZ7AVGPY3PQ74FZD37Y,V3POVLL76PKYL7PET325RQHD6KR3UHVAMY7B3VPQBUVSB7N5P3GA,309649394409
S3PXMDD6OWVTMUUQISLL65C3LH2TRUTNQZA65MGINOFOWEETX7EYCCAITY,6OIDXSOSJYR3J5KTGHISB36SVSJPKGBDOKDF6YYAZWVOEVV2KCWA,1117683292
X7SC5JBQ5VOSI6O72FW4UAPRK3KS2IR6X64YOFAX4FK2ELCG5W7N4KHFIE,OD4XRIUTG6QMYTD67VLIP4QIHYR36GGE3ZZHD76BBLPARKN6VOXA,13408769404
M2GUCP3DBTRIINXAKFSEMZ6I6GQG5YLN54X4ARTNWLAQV3PGZIRT2SPDRE,FPL5RMTI5BRWTC4N6VFWKUXK7QAPMQDSF237LOPBMTP7YPFAJSAQ,1614857109
MHESCULFXBICI6BKZFDMGWXGOAQHD3GLDD3KPT2ETZSSWFQGX4JFFT46ZM,KIZZLC4QSDSB33O5CQUPKQCMKKYL4SUOG6R46UVFTJBKSI4BPR3Q,2355370620
MEOKVLJYEP4A3VPA2JBQM7YZQPNHKPTIFCEJVG2NWIPES6EVSO4PCEM7CM,U67DE27XYN6BCPB2HTOF3AHEX745MRPAO2DMVGGFRFK3OSSOVMXQ,3586646580
WZU62QWODUXDNRCRLOP2QONPLKFCOQT44EDTIMXEER7P53N4IZKGS635HA,ADPDMETHPRJSUERQSM42AY3CZATB56THH4MWZLQJL4FUNA6FV6NA,399468406695
WLQC2XW6QSKFGJILO7BQWJTKECRLPBFZZJJDXMTOVPOSYSUYR3GFPLWBPY,VACUBGN5XPVVPRAC45XYNJDK3TSEQCPLE7UWMWMAW7JDDPKLU42Q,21309936
SHSVAPD3KMF6IXCKPQRRRE3SZKDZ43H5UT2EHUZBAQZJEYBJAYCOQAVYSI,C4OOACFKFJIRHJILD2RKZUHYZNHN4FPR6LWHGGWEKQSGYB2TKFXA,97913200000
CG6YZHZJBN6CLU4BRTTYH5SKK3GJPZDG47SOWX2G2OU32UF4DEYFGPHBUU,ZRMPYUHZ7DMHX2O5OXZOMZTI7YQKSOW3P5PSPKWNLRA6JFX5O2RA,113834000000
3DDGFXY5FJDTZCCATNMWOO7YN4IRH4YRJOVCYLHCQKTP4X63ASJ4PKT6QM,NGSFTVWJ66QUWVTDWFW6JXWEB4JJYTRPB22C2KJP5SFWZC7FK5TQ,6217065
7IPGSQQNE3LM4WRXGPDD35QUZ3LRZ2TSWFR3SZCW2SCQIHYY2ZLOTVX5CA,S2NSQ5CUSXBACGFGMTBKBRDKTW3Y2HZGDJUHGAI7U4TTUY6TXCWQ,34145835871
GOV64YILNNXTABSTEDTQA3S2PN6JHWYKXGSWK2Q4GWJ4K6GWW67GU7JXXI,FPZZFT4C4HMS4F5HJKMBHZDQBB57X7GBDHBUWJG6DYONZPXUIDPA,68203999999
5QT7SECGVWT75P44N3HMJWWL2KTZTMEG3YPWDHX73BBL6U7XJQ7VT5U4QQ,TOBQ2YKJVWSLVCGNSORAA62IFU5DDYSKAHRJVMERHFL7XO6M7KLA,723152
BEXVMJLNJ5JGGJIE3F67KHDVGBIJR7QDLRS3XO74UV2HNTFB3S4NDVH74U,WHUPQ6QOZ7DLOKHJBK4JXUUS4OPW6LKBCGR5RINK5SHKW44UGLHQ,1428839389
5Y2INR5WZHSU43MI6NQRP67MLDUUF4G7H4U3WPH2R72TLTXS4LIGXPEU3U,K2HIWIUF5NBKK2HOHJDMUYKF7ZLAD2LVK5NRY7RWL3M3TPF3BH3Q,2465024
2IN7HE5AC4KBQKANWY64LKUPX2GJSPIWGCIVL533TKMN7KDXVBMY3RN7PE,YTQ66SL5CMELGGMNHPDGE2H5H66TTEKI6EQQEVLXTCHDD6HDQPGQ,15115002
6P5GOP76IUGM6C6B5FXCVN7H556F3SIARAONGOCO36AVL5J4QB7UVWKWZY,QI44CVLUF7PWEEJIINNHH65A4JWBI73OAA3Z52CKHTWKOBC5ECZQ,122212165217
QQ6NFCE6ENX3SDIRRY2TJKCYAQF6LYHYTG6EDHEZ4BXEPWQ2CKTCL2MISQ,XTOWP4O4BGAFZTCMLLYW62Y27V7WUQFVZJZLE2LWQWGU774RKXIQ,163857398
22WJ52N2276JT4OOYIIPF7B4NQKNK5JTQEFSEAJETWRZ7MWFYHDZC5GAYI,L26ISGZHN73IRHULDPNZUT3LDAZIR2XPHPNIMIUJ5MHMIUF4SMAA,790600404
LGWT26DG47XUC4WE3HX5KH2IFQIPDUKKC2EG3CI53QPN47XDRQH6JRQFNQ,UR5VDHBCBJ5BNMFQZPUZQ5NDLPU5KZPIMUGB4NXEP2EQ5DPXLCBQ,155807504
INYHLYVJY2PS2RPUJYMTS76SXHIY5EX2FJXO3SF4JHVXIRWIEHZENKAJDU,UJAHR3DHNCON5JHZ4HK7JUVPF2XUSMCAQGDH3EV7MW2B5OFS357Q,20202011
DUOE2XL5OCTEMBBQWYCJLRNPCARQYCRNDWE5UQNGNCS2QRE46ETTAY43ZM,TTFP6G4MM4DBLCHPY2V3YLADELPTLBV2HR6P5LNQWOKSN3XCF55Q,90000000000
FMVE7NRCFH5TDICB3CPREBT3UDTZKJYKBSPOBBDYWQP3YFL2YIS66PT5ZE,5KVUQFJJSLAJLOE7BI2D3ID4Q3V7Z6HHEDW6ITYLTUH447JSHQ5Q,323046917
KQCO6GGB2P7BJ6IJZOXIYV7FDYA2ACXPZBFGKQIQWE4C23FCVEHJPTQJD4,4JQWA7XMJWNZEUYKB5IHUA7HJGTXEMSYV4FZW47MFMEZX2LQ74BQ,200000000
BULKK4SZQ3MX4SNXIQ2VPGR674CJPVXGQ6THJXV7JZCJHKCTQP3XATBTI4,WJMCHQEUZMYQX3RMCWOWBEOJLONSRWXJTAL253GRNSLS2FBT6IQA,173799000000
QMMECAKP42YPJ7TATILUI3NVYBV2LBVDNZXTWBR2OSVWBQKYQAKUPNF57Q,J3RJAWZXKE5WQVZPJOA6OIGETVZ5SZJ62KFDHGRDRTXKST3CY7OA,10000000
7GJH6DDD2ZMHPMGYQQP3TGWLJJ2BIRLV7KXTSBPTQRO63T27DAM67JZI6A,2A4OJYPW4GDQJ76K7TIGSXCYSHX7J7NWBS33RLXMFGFTMSB6YQFA,100000000
P4GSM6IMOBUZTLMDY6362C4R3U35UBZCI73XJTH2TXDSPHJ4O76JKKGU5U,NAHMGZWJRKQFVAJO6L3SI3MJBDF7DB27IGLON6HUOTBCNCLFOSDA,1000000
6J7K54I5EDVMJH7RRPD3ECDWT5A6QTHKLSISKLAWD4ALZYSLM6XCYCMGPU,B3EQEOYTZDFHZBXP3JDESTY2AETVVS2LW2Z3NCDNTISJF5XLCJEA,10000000
67GWPSGXS52H6AHIOZKVCBZOWJU7TXPK6JGHXLBJXBEVUZRSAVUNTJWNP4,P7R2FOH4PALQFCRMK6MQI6P34YJ2EY7EM5254WFAN3G56L5S3PGQ,100000000
RQ5BJNX7X6ZV54EMM2QQZ2I4F2IIZN7FNXVJYZSPAHEUJ6YLGG2M674PIE,2W4XAZJHKGUBPRO5ECGYLYTJWYDRIICW5SJYCPISH4LRTENGGWPQ,100000000
VVGEQ772E6YIKBD6TGBGOYGFRHQ7NDWRGDQU2FQDEBFXVCS5EAHFG5TZBA,7DPCVICFWDQHQIBAW74P35OVGV54ECLSXNS4T2ZYIYBTDCKUTTVA,100000000
P2XRHXT2YVTAXYPYMSCTV4ZEZP2ZDD46CPEJNWHZKNF3D6JRWJRY5YWY4Y,5X3OLUAFKMLXAT3S45OJN3MZ7FBKLPILWBEGYFESNGJOSEHQOJEA,100000000
IM7ZEAIYEEFTXG5NJAYR6IX5K7ZCREZTMNLMFCA6IFPMAVU6RKCPDFATG4,HLAZ5FGYTVUFBGI4UVABKFD35WDQXFPBRJY62BMUB7WQZ7UJ4KDQ,2568000000
52Z5SXZ3FM5QN3WMLXBL6SAVQ4PO2CNVXS4XX37BV6P5VUUKKFJFVNJONU,AWKROI2VQ4UXT5L5C26DJF6PFAWK4GCLMLCKMQ6JMBIETR7LYIDA,357964114
NYFFOD5SZ6ZMMLDGQLJ254Q4UHHIAVMB33ZSEU5CNHK32VY57VS2GX66M4,NPAOISJO2NE3YWINQHNLEFWXRPXAZ334MK2O2KH442WXWP65YDPQ,8297000000
IN7UFVPFVRVNN3SGATRXD255EOUK54KGLH64DF5LCRTHLENEUGLWU3BZLQ,GXH3PU5YVAG74SMJOR4QH4L22NVF7OPMCT3HPAX7LGSLNH5XHTFQ,433208570
QQNTEOY2X4AF2JWN3IPUSPQCLC73EKNX3BSCCDOUGZQSILGHBOK4C6G2I4,Y5WPHFDK24L32F5LWQOZMKYZGXUAJH3VSFQUOQA3DL7OHJVSSMDA,190000000
2BFJ3YVOJEI54B3L3ETAYDEG66TFGQ3YPKLX6ENAWQCZLUTPS4JLLOYE5A,7OB46VOIOKIQKSQFHIORBJ2UL4ZMQTLRB7VXUA25QZ65PJYCNGGQ,11402226
UCVIP6QXUU52V4IDMIAXKA2ZVAGZOY6T6ABCR2VW5PSRP3AD4XKBAZK3LM,B6CTH3J7IA7SVWUF3RNID5YCFDEH25ZF2BUUSOJLYDYQ2E66TNJQ,3000000
BKSTAENRLQWPIKT2X34EHZUH5NPFTZSTH4XYWY2IIXGG52VKFP4DALLDVI,OKGKV5323FRV5XJCWPL7OMW66OKNJOSM4A5X4IKEELD45I45TV7Q,16688713
YVX2TAPNNJISKRP4N3RSY6L7VM33TEKP7GBPN3MBBTWXWY7Z24ZVZMWEMI,Y4IZMUR5DPYDZR2WVRJFFX7APRRYG66GQE5EWOEPNS7PI3AMDAXA,65146292
IUBQOU3Y6MRY7UMFOE6WNZOH4OQ2BBZJRVW3NTZ74NDDFVKQY4IW3IJS6I,EFPEZDKKB5MHPV3O3PIO4KCE2C67WH7C32USDLPEX3THPTLVQPCQ,4612737
JQYQHNFAFYABG2TO5XSIKEVQJXNKON7EQK4BKHTYE6W7RVVX4MY3L2MSZY,KKI7YRFHGOWBIIDVGWYBU5OE3MKBLRYF7OIDBACSJ3RDFJINMKBA,920000
4K3ZGNECAYCVOBNXDQ573HG3XOH27L42PG3SW2NDBXZBKTKLNV5EVXGSHI,G5OHPJ3QO36EWTBD4767DAOFXM7I3YKCORJF3FUKEE5WHKDWZJWQ,1645092514
V5NENCNH66ZT4PCVE3C3DET23JGJTAHYD5FAKVQU6ST5TE7LUQUIW6K65M,3R6BECFW4KUSJDFQJS3P54DEP4MZ7T2UT3DQXVTSPO2JWI7KRNIQ,1491726218
LGS4UQ62NQHQTA3URZZEXN737VCEAFVHQXJNENPP3WGRIO23W4MBF6QQIY,WONOYM7KFDS7AVZGJXW6WLQHN4B4COCVBU465SEL32QLTKECXW7Q,4688610
BHH4RBZ7N6Z3UZXGN2GY4JXWF5UZQQMK7I2JN5CDGCWJLVNTYJ43ZVNJJU,BIONSN6DLA6KTOOUHNMHLGTRQ6OCPNJL47TLPHBZRINBYCDYOL3A,5000000
H2ZHTIOZBTYB2GPKUAJTWO6X3X2FQ5IYWEI5VPV66WD6Q3Y3N5I55GMJKE,TYQCVSXIRIEW257G7HB2EROMPM5ZFCMCBFASAIXHTNZSFPXD3TNQ,4487630511
DDENZGNMB65GYULG54H4BEKI4MX67F5UOZ5ZSIZRG2VSVUEY5YDYMGSE6U,TOEIW24UAW7TXTZRMNI5CT2KXFCM2FAI5D6QZSZWVANWB56XENLQ,1000000
HY3D7UANLZOFW3FMI6VCJK6R74VPTAFP65I4OPRQCR4JQX3HNVMTHWHRZE,NVBQGVYYARFXA52PYORP4I5MAC336TWMLTUL3EVI3JDYCHSIAJBQ,35000000
6GJCIQ4C2TCDZ3QHXPSETA5MYE3JXD5AHWEP2A44ZGUGRGQ647KDSAXQGU,S62HNVZOM77WQEMHVSYCLXESOR5YYJTXYPQQWHONTRUTNKNCGVVQ,7871887548
LO2EBP7MPXBBHCQVID7APVNKVKWGWZVP6GL6TLIBYZVEIBN3VIM4BC2NCQ,END2EY3GS53OC4ARIIOQELMVBERZ6XG2FEYCDVLQUY6NBMLOLECQ,1200000000000
OEUL2Y7GDBGL6MBXPGWKKJAEQAWO3FHK3VQ5NULL5XYQLE624HH4R7H2RE,IS3ECGKPW5FY4XPWFOLVSYTFY6TCNFVZDKGVTNBZPEPZOK4XKEWQ,4116466295
FFNREOOT2ZQZM67WWGT2RRDISRK3DCNPXNC6NXHSSSV7XCXBFURN6XOFUE,TGMYWA6ZSVZD36KD5DETSMBADIIN4ISRXL6V2JREVM2MCYTRSAPQ,1386102825
TWFJQNWFTBZMUGOVVM2GNNHGV5LO7SDJHGDDTJ5X424GIEVT4TER7636IQ,3FXTVKARRI5ZVMODBU2HPRG2KYGWF4IILWBM7JQ3UGKVZFFFDYSQ,400000
PFYAUDBVGZYZQG4USGECC74UFIGFRIXQCHLWWSIAXGX6DNQL3J3NJFORGM,XLGIPJO452E3T4XX4M2G4C3IQ2ZMCZS3KPM7EYZTQZIRELALFDFQ,10633404335
TAI2E5PCIFGMIXTRIY2WL4JKALKZA755J5DONQQTFIQIIUHLDTIPM2T3FY,YEG4YU6FVA2K4C7HJJP5NR3FJMNWB3O5SGUYS3RU6TVDXCCFJZGA,10000000
YKEUF3N3COXYJLD6X34AFFLZNIWFJT5SJA4RRGECIJVUEAPS4KEI6R6BLM,FDT7FBZ24ERASGKNXTPQVRTKCBAYWMUZUMXQRYZ3TGIJCHRWZAMQ,5889998762
I3UTT7B3XI6AJGE2RMXWK5YZTFGD6UPQGVHDGOH2K2NW3HC2STV34OJX7Q,BFWWAV4V4W66U35E4LG2FGZIJWNB3RUWF3SK2HFE3JID6CUPWFNQ,38408642663
GBZCP73QB4SKVYRNFIUIPPOKU24WDSWEW23XIJDZOXTWBUORPHNE67ZHMY,S7LB5Y7FEY3PFJ4HGKIWHKASNV57TG232RR5VQ2SMXQC4KX77WMA,1800000000
KFFEZJSMC3FXTLLGRMGMLQZL5AFZT74FBVJCTEKM7ODFYFPI27R6DNKC3M,32ALJAU7YHZIMQYACVIYHHPCKGXNZ72RDK6OZXVSKYN4AXJSME7Q,5000000000
HXKKBZ4U3OMCHHKQNQO4SOWYQ2NRHLLBG2ZSDPPPCSCMIQ7NQTHONELFUE,4JNZYUSCH3ZDCNBLODHIXUJ4PFKU2IIRYSMDKBAVOPTGPQDSJXUA,148019805191
B2ARWAK3TNC6VOHV7YZJ3333C3OANWHC7ZZ4PRHLFJCHKPNC2VLOBOYTRU,PWGCRKMN5K7LT5V3IRAE4QPJNCIH27SSZHYRVASMYYGRRTTCJWZA,9414889188
U6NZBUCFOTPYIJWXLBGSLQILZ6A5H2ETCADV7W3S5XBGQ7M6QX3OPSRORQ,22BU735FN5ZAHXLEMJHHWH466EBYQRTB3KVOJMJ46B2PUF52BUHA,4314356592
CFO3V7G26D6XFY5I2SX2LINCF4FSMMWI3KMMZ35ZKXLBTDGFTABLTN3V54,EQ6MUVR6CKGPPMOTAKFG3CBT45436YE7YADA2I2KYLVOOTWHRXJQ,1710000000
KXNMUPC5SNFJ2ZSCWR4QF2GPN4PKUU2ZTRI4V5NCAWMGUHOGNODORO7I4I,DLN7AYAMRU57FFQSEFFKAWCYR4HTODKLEUJPR6IQUQK3SYSZHONA,10127045370
56NY2ZJPS7PUFBZCFNF4JOFUNBQYBHIZ7PWTTVLYAJFED7BF6OWUKHIFH4,3PZT5HEG4LM63BWF34DB46MBJ2DWJAYX6NVWTCRVJCMXQWGQXUCQ,445000000
Z4SVIBERWRXLMJP24S5XJ73UZJMDSU6G7SLAVUPL2IWDJCMVRPJU4BN23M,2RYX7NJG7F76QCQAHFJKP76VOW6PLF6SFGJ3XWFIYS3PSF4WWSMA,304340244661
MJTAIITQWLFTL4L2G55SIYEVVMRXBGZMJBLSBX3B24ZV2BDVHZPDAGSZJ4,FWXV3FDEXAI5SB2KA3MKZKBKDET7KIT63GTXC7TIFO2SYNBXDIVA,11877432751
NR5SLIELXZYE2N4JGYHBX553MCQOLOOWZBXY7TCDNEH34SDLKVI7CINLKI,OSSRJ6XGSZD6MZNVXP2XPYO7U244GQYJKBQWLNDR3BBST7SGA35A,58398871389
USFNWR6DORCMXLJCVNIOXISBBIXU5LYFRPMHHIGEY6K4CNDTBWGBLIPOBY,OWPN5EXCXT5PIJ3QT6KNPO4ZKLWIG6B6AYPLBVNFWMBDPMK4ECOA,1306847748
OCWCCYAHBAPNCY3LAT3M4GYKRZ4LWIUZZB5CM4KUHKWXPAXLSLJIFGTFHA,AXQQSPSIG5ZTDAXJ2WAKS7HXBXR6XIGGIQHNDMM6GTEMV7DUTDQA,32400000000
JHQS2HZ6EY64JDHBEQIV5GP55SX6NMT5VIJOES3R4X4UIJWBZHSFHDFC64,3X4ISLSNFY7T3DLDLNBU6N5MEUXJ2A7T3UA7BHIIRT46FIGECYOQ,7788171907
XCRQEMENBY6RXNMAF6IGXPB75HVBRZ7XDVEBJ3BOLRVRCXABR6BAQBR24A,LDLDYJMJIJUITKE7UEZMQ7QFTV5B6I3GIIUCKN7PW2OJRBOH6IVA,535486080878
CTMFW7SB5PFYYXKTFLUOBWMFCOQ365DEAD2PB3NDRJR4RYALNQWTEL2JI4,5AMXRUG7S4GBNE5VINZWVAIMIJOV75A4V6SUWLL6JLR3TLNMGYAA,554050550114
DUY6W3SLEYQLNIXZAGLHISTJNY62QEETJ7ZCPR5LKQGQLGX6VTRDQKSTHM,A6QXDMM2SA52WO2OJTZYVRDIZ44GNVY2JJZXGZU32COQN3UOYXWA,9200000000
ENFX2GTH2AWNVV4R2WNXDKWX7CN7WZVVCTLIG2HN4VZCKZ5FLYPJ34BE7Q,ZQRZ47R4PAJENP63OBGHGLBFCDJBC3BGQYTJTBTZZXTSKG6P26JQ,5430000000
A3M25AMAX35MMGN3FJDJDDXA6FCOWEPU5CTALYA26D3VFZUYCDO4NN3F2Y,42PQYZDPZQOYYOP6I4II2J6KYWMABLDLMU7RIVKVX6EOYDXNPHCA,60450789322
KHF2MSBRNEVHS7H63ADT6DTS2QXIBX2SFKDRGCWAYSZQK7KN5ZQKHLZGFQ,6QTYNC5IUAWQNHWGWKEFWFHEVYHTXXE3OCSGIGW5H5B73ACNM5GA,50000000
VT2ZXHEKIJCRJMYPSSQBVZJCDSRDDTBQ4YZIC24EEWZE2XL74BY264JMJ4,FMJZGUSLD3MOQ2I2CFVP7ECUVZETQR462PNM2DXYXIOKJHZ4ZHZA,5689714
EH4H34Y2KJKD4TO6QGKNC5ELIFUC7DUZV4DEYP27GXQRD57TQUQL344374,WREO6ZAOXGWVMOBPJKIIZPDQUNCXUHXTKAHE7P4FBAE26FTTNOAA,1000000
HHBXYRIQRCVJDVDK4NPRXWHSKCIFIZPMK4VM5ONERYDQHQ666TI5HIYBKA,Y5QPW76BSPGY5XNXOKZYFGQBCSNPMXNNADFLYKVP62RARHS3HQKA,2852166303
MIM2WTU4SUTIRVGGWPPHEF5ALGJHUDLY4XAIFFG42TFU35KPBX6KSREBFA,B5XZWPHHAUO2AMU2BHZMZQE3FERBYN7YI2Q4ZGG6AT34B3YYPS2Q,3118064
O3RCA7IEU4QYPKSUCNDXOXIYXV6JH2ERHRDCPQBHXUIBSJFIRKJD6WFFUM,J7EVEMYPBXHKKJZX4I4HALXT4X4DZTNAHMVJ6TNY4WXENDRRCT2Q,4093496782
CJVH2FSY7QMU7G2JJO7MAW5MVH67SSRBJYERDPXH4PHULRQFXRWES5LQJI,GTN6U2XMVGYZNKPYK36NWB2I5OVTWMTHZEVRKTARP7MLKTWV4QNQ,29040909
ASSEWQG2HXBP3OTBHEES2CLWBETGDULTZHT5P6CNT66SD44XVKJLIV5RWQ,CZF6TMEWGAZZM7TUEWMXNQBS2WWZBU6GKZXK7IQXY65DYIWHICXA,1000000
KTJKMUCZMITPMWTZ6SLYYUNCJFDOKCSOJODM5RFXLI6FWU7ZXLGEQSXOCM,U6C72C4K4W6GSLSF4MPBXFJCHUAKORKPJNZE4CDYZZVXXKXTLB2Q,815768459
BTMLXC522NXMPAQBFP2KEE4X2EKOVIGRZRQTRVJ7U547AKZQBLAB4Q3I7M,6QW2TOPRZPNUBVKWKT5ARKKYVPSX4OTQ5MUMVQOS2KGBMZIKJYNA,2001000000
U6NETO6KYPH2QW2K2WO4OSUWEHCEGFCR2QDKML5N4Q3BMMWESQTUC4LJVM,IXFZ4NTGZADWEQV3NIA473WCK3JNVRFM5N2UA6WOEHIQED2NUZ5A,9409623267
RCSMT5JL4Y67QI2SZUNPDZCCNDGDC336LANANVNIJLXXXXEICIYCQSKWGU,DOCKUR5B5MLBWAXNBK7L5WIDTBJSXT6RDRU5UV3R7KIM75KSYRUA,2001000000
RZ7R2HGOUPV6BDUORRTDH3WLZ3YQXD5OW4BK7WLAYZ32BBIG3FLIDKH5EI,LCMSUI5U3YOIAXY77ZSXSWHNKXP4XFHADB54FBC7NCW6N6NDFSHQ,288530
774YJN4UY4G6VQ25VSII5PRFQRGEZGMSOABOVDA64LQATVH7BX5FTFS34U,55GAYGR6IKQWGSKCEPB2JJJM6GNEDH2FCUYQYNFZRHGBIIKBSTHQ,38283733
C4FQJAMDGTUGYOIVJ4IKFYBGEBHMHYD3Z6UYBAPJKZSE3TRPIKYT4O25PE,LEMGKGMNLHWZPREHTJG6MNZSKZ7LKACUMKNZZMVK2E4HE5ALHJ3Q,67336452970
HASUZQDOFK4UUJJK6VETFORBRX2VMYQVBPULPWV7O7A4MU4GJXC7P4VJH4,IF5KD5A2FNN2BKWRT7S2ARMNJJM5LIN3CMWJ4AO2XNSFEDE2QPPA,9357676710
4LF44BKD2RJ35OI6JJMAXZRFMJJCN57NZBYX2R3GWKBC4EQQYJHLQODDFU,RXFYWVKO3PU33EVSDNHAP4WCB6KRYPTPGODIVZLUZ67ORLKEL2UQ,155275045031
ZT7KLCN7ONWLL3AOVDHJ5NGOW3UZ5GHYMJIGX42L2V6F5JSLK56FMCO2Q4,SL2OVQRZGPSGIPYAYB2AM4ANDZ5IFRZFYYPJ5545XPQDEDZV77OQ,2508859652
56CZPZL2JQFBT6LQXYWIGSQDVSD54OKJ26T5VLLINTTRMKJAUSVGMFWNZM,Z2IK4T4GPBNL5ILVKS54IK7OKZZ4KXUCRV53NJKCQ5HRC4K7QDCA,14000000000
D6ENOFAGFF3KRNJIEHZUDXDAY5DH2N22ZTK4GZ27NPYXLXYYUGRNYU54HM,L7ERVYTFWQ2CECTXFELVFD6TEFF7WUZHSAMIO6TIO72LFIEPJTEQ,1870098970
2VUGSFXCROSYVAFIXU2IYXIQ4TT5KDTFV3ZHIN4S6FD5MLWJEGQM4BDOUI,RMUQFLNCIU3VQXGID7HRJI4R6KJE6JDDC4UQRVCEP7KQ56PNLKBQ,31290517510
PTL3W7VCUL6EL7CNWLYUQ7HETO5MP7V3EVVD4SB7BPJY3RYNZK3MSKBWGM,YRPDDBLCAA3ZUX42CXXTZKBLBU6KE2WKEGDVDQ3TFSGD2RHAGDTQ,15000000000
5NDRTH7Y3UN2GAOEJ6BARRI7D7UZVT5TXAWJD43SJ2LPVFSZV6FDD2NSUE,BN6H2FSCHPOXZG4IXCVGIDO3RTFOJHGV2CJBQHGDAXFE35UCGW7Q,500000000
FN6EE35DIFAWPGC3EDZFP5RZ24XKRBZMAFBEBD6KD33GXHZEFHFVZFT5TU,7DYQT3OKLQ7F4KU3H4MJ33HVBMGE6FVDSJ62XVZK2O2HEXBPKNGQ,400000
6MUKGQSD7UCUX7CIPOLL2M53TLBVB27E5HXVJAHA6NTK6VUBXJJSGERGYE,IAPQMF6FJGV3PTNRXHKLIBWZSI27PX3OXVWGFNOJU3FLRD65KHWA,10564312
RE22LIZBLOLX342VX3DXWYQ5WFTDOVLCMUMP4M3GMQF4FFDESEA4TZBAYQ,OBBWEBOYE44HYOXHVJ36VJIHUIB3PHPCIOVYCYSTRYD5JLWPQ5AQ,45982671989
W4DVXMDWBZKUUXLRI7FYUZUWXNFTBKOGXWSS3WRR3AKBAVGRKVD5IFSVQM,ED5MWXOHJTSPZTKPQ7YQGSMJOKI7LDIECQS327KFOFQSECA3K4ZA,10000000
TVB5WT3NJ5AGFJHXUYOVTU2FMMH3WKDJEAGK4YEQVPUDW5UV644M45PMLM,54S3C37A62MMONGJ32G2YHWPKDY5FLBPATEYYDUCIRKYIZCFFI7A,938749694
YIELJDNB5O5R72GPX4WPX5B647BZZ7RNSOLBS7Z25TO44DWCOMCMH3DFDE,WY22SCMGJIKGZ4JMPTAHWM5V6NLGLGWXIFB7IMUU3KTTYGBYNIUQ,2825189698
64LI74I3XADDGEXYYQV6VLSYTXS3LLO6FRAFZRTIYFBGI3EKLEZ5O7WY3E,CFO2YV3CQAC3PUVPEEF4GCAG5PBXXNT4IR6HABFU4QF2JZY57IAQ,51179842265
TRMUSKUAEEZTYR7LU4ZDCMJD57CHJJBBJN3LH6BJAE37TXFCEA77MYUAJU,25EOE4OSOVHDC62CYYNZPWQDI5PQBXAT54AM5Q3HG4LFMJQPSL4A,2050838714
YVSDW3SWCSZT74UMLSPIDNIWB5E5EUOYK5SFJUC5C2DKJ27OPDAB7YH3EY,WC6FPM3EERUOQW5SQQUF2LFIJBPGBINSQ6BUZSHBANEXAAVUTBTA,895267952
3J7P2FTMVKMYX7DVMVT2IUSURMF5YTWPODAZATEBDFNPBAM3QF5POAVOD4,VBWEAFJG4RRV4P4B64WMI7D7KY65BE3ZDFKXSJY5G3MZMYQPMFPA,46900653843
C4NODURD6WEOQ35H452SNC6ILSTP6PRY644JR42ITMHKW27ED67I2IHCNU,JNEKG4IYXJ7HX62SI5QHYQY7ABT3T4WTQ73MCQH3XX6NB6QDOYTQ,2000000000
7ZYCCL5FYQB3V4ZYYTAKQ3QGE7CLFIVS7RTQW5FRBRZLIW72RJQOXIQMTM,YYDW4GUKM4SOTQW7H43WYDODXWCDA6Y4QUCY3ZQG4PRYCQNO2C4Q,560044472
WEBGFOXCXMBMEHAQRV35XEUEZEEUM43OVHWDXS2WQTKX5IM56UO3VKBEUA,OA7MUX7DGPPOTE2MJHGS6KKBXXKXN5NPEHOQIL64K5MYNU7ODRJA,73000000000
E3CJH4AMRNGP6V6J2PSKNWAWIBOKAXRWQ442NHZTBKUTWBLACDDZSKXGWU,KSSIL7TTF5ADO77ELQFXX67ORLM6KI7D6EUNVGVG6FW3VFBNOUMA,944925964
M6743URXWGLRSBJ3XVZ62BUSUTIO5EZZTAFH3EKU5QULBTQHEIFFF3TRWM,D4LDMDOPI7YTQSW3WDVO6XZOIRBPYRVTZR5BHXQ2WDTX4O4YB4DQ,2348196229
LCD6VJYJGATJQFHV4QKKTWKHVK5QGX5SIVKH7VODQRE5WBKIGFUPXOZDA4,2HXEOWRW3DVOGHIYCOIPZ572YZZY2OD6XFTSI2NXEW7LXC3O2WYA,18000000000
TGSND3GWUPVB7ZHDZ3RQGIDIBCWWOG26KTBUPYCF6WCHXUWPNYCKM2GUTE,IP4F2XBI2PGRXEUJDP6S2ALM7FP6W7JG2TTEXTORXJLDMAFZSASQ,17251743055
MGLCROCQ4HFXTZUTGQFLSZBRLJJSNYQJVM5IREOLZN7SXKGV2FLXL5DAEI,A3QQWTTROLTU5W6HQWZF4HGHPOU5DKDFOUOR436AWLVLMTBZLMVA,101206465451
SP6BPWSNCBZKRZEHU7PJAHJMYHCVBPDHVIIB2DW7YEDKHM2CPPCM7IXGCY,QCULSRY55PCZWQBY4FOCTPHRBTAXXZGWWUF7PU5FNIJK2DUEWOEA,60793178
4LJ3ASSBQKBN6HSPVOMJP55WVGT7RUCX2YDYVFAEIDIVVHSS7GK4RPQNKU,PNVZZFBMIR3WR5RCHDUS6NKNUGZASOKO6RO2IWMJLIHN43BOLBZQ,251621
OS27GMOKV4HTC3VH3X6USLKPTHZC2PWRV6JIK4YU3Y5T2Y5FPUUJQXFYDY,AGANIWGEKKGKPZNDT3BAAML3HTVCGONCKB4UMEBLG7K4VVI7P4NA,5500000000
MT57KGZWHXLI4GBXRZUCQWNQQ7DP7M4LK5QGZYS4G64FC72A2L75JWSKEY,FVPZJSZJ7EAO36O7TTQMTKJJNUCRJ6COYWJQHFCWQKGQ6NHNHQRA,1669024451
3NKFFRE3HFE5BVAD74V7F3U4NVGGSAROMFO5D6AVWIEQO3WXZ5GNXNP4GM,UH43I4ID6JODSFLCKVSVXNEDNMARZT2YSMV2TEQN27G4UZ4YCVCQ,2000000
SNLRM2XTCAQVE3ARHMKOPQQNTYUB4OKU2BHJQRYMONDSRBXQYQ54K3QOJI,JK4JFMGQXH7QB5YGXCKB25IB6RIYXQ6ZW6MK5VHVSFZ6XHSGLAZA,7709000000
FT7UTMCWHXIY2IKANXOZFQHCEJG4Q7T7M5MRT3NB6VFNJN2JCK6NHG2ET4,AREU2AFKI4J4RX2VF2UW5HLE5NVMK6MYYHQUXHJ23K2LZPGT5BLA,3000000
CCUAJ5U5SZJJJOTUVBISM43T6HSFP44HLTGJ67OWBPTX7Y7A3A5FDCWOCU,VOIYAFH6J46FHBYDLYJSAWSIUEQGPH7LWMFTAH7UWEIRVJ66GI6Q,1193365139
M6R34XZ3VVNOXG5XGZJB6XY2OKACZGBCYFDCFXVBL66VY3RMHGTOOW37ZU,EF6FQW7X7KZFRSNWDBAJ3FQMGFBNMSSHJH5XTO6KCVENF4NVBSHA,1309779289
SLOKPLAXJGLCM34LOB7B5DESJBZOPN7BJFZ7ELYGJRXK65RJ35KYPFZT4E,SUQEJ4MMENB35P3PXMJ3ZF47D752FLSJ34VU6YZSYOJZ6Y5GN4UQ,1700000000
S6CEA5NM5OCQVB3W5X6TXMCQ3LDFFWVQ3LMPVFV7BQZZY227XBJBN7VSU4,4A2C5UYMWZR5OZFEIBSUH2FUPLQ7GGVFOGYMNICWLNPP72WPS6BQ,37578000000
T7A6S63RO6AH7Z5AJWYCKVLIF6TJQXMMVEK5PXTJEXRLQ2WQTH7XQQRMAA,ESQEIOSVT3RIM5OT2KYFD4WXYVCBLPT7JMBSLLUQWAC5EVOLEXYQ,1570772469
GJ7SLLT5NDNJH3RWKW77HHPLLLHSTNJO4EA2RHDTJMAFKBJ3I5AMMKJXUY,L25SKZ745BZZBQS6M6XPMOQZTO7LFJ7P6EIOT54KSZGTS3X7YZ3A,27210742424
ZPZTVGJUHZ3VK2IODPNAGFE2S2HG6GBNSWA5U6LVJ2FLGWJHLD2YGVGWXQ,ZDMBYV3U3LQ4IZMXJLJYT45X2VGT4QZKOVY4RPDIN7Q2WV2IIGTQ,3035592
VJSRSADQYN7GJDJ3NUVBYSLXRFKBGNGYRHOMVIQIUE5KMZ4DNAVPSYBQFM,SUE5UB3J4SUPFB4R7BNHD244U7SGNHMVNZOFMFOOVXZO5ITM2XWA,100000000
HZWVWA3UKIZHHZIWGDG6LG5ADZUX55AODNENBU6BUVP7NP6PD54HJVH2XQ,MLWEYU4VQR2V5GKPUUAHRQRIG3XW3TSIUA2IYLKG3KBMQLS7D4KA,2233231129
IJ6TY4IB47ZTY6OAZ674M5O5YAYGKVG2YPK5S7WHW5IXLOD6GGGTS4C7E4,MSN3JTJUTUTKV3UWP2ELGBEWLOO2KTU3P4JAK7ON7AUJJGR2U5EA,3547134456
KKDUO53SF2BYTEAWDUL3KDW6HJEZX2JAS5VCZ2TZBAPFNFOYCO3XH7R2QA,CISGEGA72XOQJLXAHW4YKMOT77PNVBPOQ3TEDAU5NENCV3E3ZUKQ,27500000000
XKH55NASDVT4VK2SL26DEZQXZIQQPJR2MPIGHWH2EGC2FOMWUACAWF3MDA,GAI5HA24EX7HIZ263AEXFEJ57TID4CPCNGNCVRZX3AXDNWBT7OQQ,1068093414
BE6Y3IOGE3B4Z3ER6S6A7YK75E5VRF5NDQ2Y5JRIAGSORA325ILCWF7I5E,7A3PZPFVRRCPNXYM4GJB6XAKHLT3WTOLXDMYOPGHRUGMLU53LKEQ,28305000226
ZVJ5EA5SOBDHZHJZ523OOII3S62HQWBDG7A37FT3QOWWYZGBFRUZLN5TGI,J7DX6CFEF7V3NWZBBEUYCNVYSKNYMEIRQQK4PT3FND3TBRMSW4GQ,17097712
BFRRRIB4TY7K4KV7YMYV2CN3O3EJRKKABSJVZCKH3S5O2JHYA67I2IKR5Y,PQDQ3ZUWMAPDCVNPHYTIEJBDIC4MEPALCKJUBAXZQ5GKIPSI3KKA,16792453263
PCLNM34TDJD7NMT4F4UOFELRFHPQQMI2AQMCKCF5AVJCJNXYGY36YFRNRU,BWNHPRAM2VRZJOJMLSOSPL732NBUYHN5SUTEWJNM6ZFUJUNUOC2A,2000000000
SRSMHLACP3GBOZD775YA7A2O64YC5VG63GCRAGR64CTTX2CBOA4RD6VVAE,HHYJ3VH4WLCA333YYDY6OR7ZOPTNSEAFXQC4DFULLX2CCWXDONUQ,1000000000000
U5VB2P6N7P4RZQ2Q5QIEHOWIJHQACVMHZDQI2YDEXDMKXKT56LOFJF3P3M,DCA4RUZNBDJBPB6UDHYREPQVBTTZ34KTSXFS4RCJSGPJ2ZCKDETA,19628779
O3P5YF727OL4YO4PDMBNOEUF4B7BH53GP7RYIPL4Z2RNJQRHGIQYXA6NZA,S6TJOKUAJOI4ZJPG777UJK2URMKO7W4OP4XQVSMO5PG62IB25NTA,200187084
KFVSMSTE7HALO4BKNPOAGFH5MSRQHV5AIIEKB5N22T6WCQCZSG3UFIJS4E,SYHJG46FONNFFLFBK4W46XUMUF3YUPBE7Q2AQ7XXVV4XHQNM3HDA,2025169489
AXXUPOQUNF4Z4SWYRAEID3FACJMXDU4FCTF7HSHDZZMOII7LF7SB4ZHCG4,XO5IWZCKFCFQL2FGED5KALRZMEUGDIMASE6OHLHAVV2DMRH5ZUZQ,329165000000
P3PFDDDCDLQK3LAMBDQUOIYCELLMGIXV2JYIAS7B3JM3NWSMRAOCX2IKMM,ZZL2Q63ZQDPKO2NHR6FLMVCDGRYCNHD5IJE3W2BJRKZAVHCAUQ5A,883611288
332TEO4U6OGA5QFICBCV7JNH34TA6EYJ37CCJFSFFVNNEJ3GY46TOQ744M,KBJGVSITQ5OYICU6SB5MJGOFSSDV5SVNRFOXV7CLXI5ENEWXAXUQ,846040585
72QQHM63ZV42CIOV3Q6BA2JL7YAY74VSIHQKS3TQXBQ7FZWQGR7J2SAEPU,BLXXPDK3YLWMZ5YAUGXYJM2AIW6M5CDNXAQNGYLZZJAACQW2BR6A,1998174073
FOS6ZHCPQIJ4SEFSQNWHQK6GYGPIBRVWJ32LEMK2S4263RHBCQBGYXJ2JA,KEBXNLITHTFLIITRRFGWY43NXZPTXKZOLCC7RHFBBAHPHH37GPHA,2316248041
5MYN3QFIW5EVPHFOZV2DODFVYAXWBN5ZWVCSSHFSHENSFY7YSSP6GRMVHE,YENQVOR2GV4PF2X2VCOMK7Z5DIN4COOSKKRG3NJIJAMAL7E25M6Q,6018992934
BXPQTE36B6NNOABB3NFB6G6Y7D6ZXDHRPKV6ATH6AMUT3BAG2TWRDVLO6A,K2FWYQLAEPBL2QOTTH5RSO2NJH6BV2TDYFC4EZAOUICG5LBQVE3A,4295330568
OIYMHFQT3YMFMHIFMYPTF6C2WEEQLI4OHCUQXO5SBHA5KKO4NCJUK3QCTA,TJRBMO4XR2KE6FPW4VL47QD5TT23YRXLDFJK4TJCLOUHSCDEU66Q,806945622
2GAGPPLGAUQ5Q5GP2C34BW45EOR4ZBEOZZUXDEHJ5WEVMX57XKNIPEUJHU,FIEN7BSBUT6HCQGLA4XV3VGNZYPBN72QIGYJ5RBGTXQHNSY6CJ4A,18077229179
4K3MYZ5ZK5FLOPNQKWBGNZMQC5KWWYV43AZEDWK4U6PTSRL3MHUF7ROUNY,VJ6F2FL43CGT7RL3XQKOZWDVC7M4FGN6DNNXB6AWG76XK6MVNXXA,4800000000
HZFLCJKRAGIHEVEZISHU5MIMRY3JI2XQIHCGKXLUJIGTTQEN3POGZR43IY,2BTNHOEFROEINIODZSN5EPDUIT7FOQYJAILX7K6M2IUEW7MUOI4Q,6220000000
PHL3TB3XBU5AHOVWGSSA5PZSMOCEUMEL6Q5FZGSWF3NWYDSOOFCA7JPUZY,TTFGTWNOR2F7SMY2NN5ICKWP7RHRPQULQ3N6RV2FVOMEPNQO5HKQ,962170697
QFKZI27RG7M6UFYOF3JWVEEC7NZM2ABW7I32F2P6N4KKPVCPTB5TQWLDPM,IEP3DURKS266GSP5LC2BUAPT7C4C62YRCSPXUHR5JIAOYC4YFSBQ,1420061940
OHDLB32HWPXSSSL4GOUW3KGITK6I7TMVDQ2FFAHHMKUY2JM3ZXRGC452VQ,FLJB6JQ2O5IKK2VU74YKG2UUOPB4OY5R2OUPLNTERMC3UYJGKCPQ,373594009
GJTD7F22UON364L5IEFP77IXN2NBAVLJJAABPV4UQCSYUBEA7SJWBJLNNQ,UOBUQG63DY3ZADG2IONHS36Q6DUUOWEJHCNOJUJMRJHFFTDCWAIQ,50000000000
MWPFN5T2XI5DTHWFGU3LIRRKSGZEAO57TPCMHBGPMPX3ZE2H6KASG2ZPYI,XHDGZZ77DLJ25WXWFF6COZHJOVJXSWV7JUPRAYSYH6G7ZYE7X3MA,11028387
LW6EWSDX7LJCP2AQHNVCCUP6SD3C4RWXOTDV67C5G3GK7TIRWJTWX42G2Q,TZ2WZIOOIZ3ONMVWMOUWGA4JUHPRSQJB5UMYPS4XXBPHQJ4TXRUA,600000000
PU2MYTRSHQV3EM2JLHOK6HRT7E5LNM7XDJ4M5B6NKQUSMO5TCVT6DH6XYU,7LKUH2HWWRTGF32MA5HL7C63TMWFXADQESPPQ7223VONIMZ4YFSQ,22154581790
IUNPLZ72EGBOQQA72HDDIIBPNNGYUVHSUDFVBXGM3RPWA2SPMX3V6KQJ3M,P6E5CXZW4SK4HT76SGKOXVHEJRC5FAIL32F5GCULTRQUVGUN432Q,163389517258
EPSJ5CWNG23UR22YZ7TGG7JY7GUTS7FLESSGSJIKAP7G5XAHTBRX6JDJXE,DFBXCBM6UU7ZOLBMHIQY5P2CFO6VKCRFS3DQPINNXQ3I25UYOGEQ,361576996
MBNSB6KHLWC5SWN7OWGSM7OWNND63QR6CGXYFG4NCMCOF7BUIGZ7QCBK5E,VMVGQD625EIVCQMHB2NOI4XG3NF65UUAO7RGT55IAOQUHLWQOMAQ,330408930
YG2PAOYQ5KYLMOUWSHRH46ONFBKTIHDTNJ5C42JRKDM32JBBYZAXB5OTRQ,WPQSLMYXGC6BS67OJZC3ZNZ23LA4LO33XKRUFSLH5IIGSYPNOXUA,18000000000
2W5WOEKGIQ4J5ARH56SJ6GYR2DZQK3L4JAX75YT7GVMHWC44UX6JTEZTVM,GIJ4M7EIOWAO2KQ5WHHFB4PIEYZIQVH2BUV4UL5HF5QUIYSPOVCA,10828009
VCCS4FUFHP6G2WIQQD2CIEBHDTSZNUYU5J6SFCJZZD3C3GMHDHA4CDWXLQ,ABEGH4JHHLATO54M6WCVCO4TCAKW5JKOHTLSV7WCM6W4NMGRBOMA,10178503297
5URM4YO6WI2MQ66D3XRZXSKOBMEXDCSMBIUW2RVB2LYDPATKNIX4YVJOGY,WAFHB22QBYNJSQ4U4EYHUPDY4WFOZHHD5PKN4BOGVJ6WL2WOVZOQ,9999999999
4JHTGX3KCJYAJW4Y76GBGCDDFZHMFO4TGTDLKPME2I4O3Q3ZM4OXMWODLI,L55MOQGHYBLCNMXFGJZJAVRU5T3INUV66ABIQH23HYCHOG2DBOJA,277984826
TG3X3WDJEBVBZBM4PYMZS4DTMTHUTUBHTA5JCZ2G3YNBIRYU7P4IKIWRXA,FA2JAD4R5XIFUOSVLVSUSO3R6G6E2T43IRU3GKIST2ISWIEQCO3Q,2785266011
T2IGDC5BY2PX23ULBEQHMUGGFYN5XLQ6QCSYDIZ32XGFH755H56RY4JJSU,V3Q7O7YRJN3F6EX2K3WUT4T23HDDKXWHUDGNNW272WLNCOK3SMFA,10000000
EPOWULHNFYJW53C5QBT5ASZPXFZZMEMMEWL44CHBOP2CNJFU2RTJ3FRP6I,K76WOVADC4OPMY7FIXW2TYM2QY5KY2QMZBSB6MIQUBXNGZH3LWLA,14448530310
JWGIQG5OFZULG64GTZJKQQRWEDFOIGSTS53PXKSPUH3FZFPAS46Z4NKKI4,5QMPSJMF542CFISU776RLS6I4LFPWWMC5IBJJSOIJY2GB2N5YDFA,11000000
GXHR4TXNWRHZT6MILAYCRST4EHMRKADPEP5WFGG34Z2BT4B6EJLH22FIFE,UHEPNPODINUDD74QA6CIVYLLDQBU6WWSECHJDA6DIV26SATXLCNA,30000000000
DBJNLQHHND3WCA4U3WPX27J5LCB7EBYUSSLJPS5MHEDL42LXNSRRNB6XNY,672M6HMKVEZG5YRKIEWEI5ZU7A6J7RFVYPOO2PM4QZ7AFTFEYGSQ,8429000000
ROZMLJKEZD4LO3SUZAJDJY6HL55QXFMZOU2NU5JYKGNZK2MW5ZUW5WOGRM,HRAFWOJD4EUEEXZTLR43L66IBMBVPOLEDEAQZGC7FGTOJIVQFIYA,16585000000
RQQLS3T35XAXTNQTSG4DSGK2SND5J3GS27UX7FVHFH3TGQ5OCWMGCMMZEU,CTMWM42VKP2FZHLLTFKZTIZ2NUOBCW5D42ZB5HQBOZ74ZB4JBPVA,188000
RZ2JYKVBAL42LEKM6UNWC34TXPPXFPGDQS73T3C64H5L5MGFKZH6DLVPVA,2SFKYSWLX42CW26LM43R6O5YKDHOADRMZIAC7LDUCFFHAJQ6KVBQ,5973422350
J467NMUCITUZXLIAYRQ3UE5SOLDSVC4BE7E5AXK4APVVYZOSMASBVGNEXY,7PRPET3RZDYACLWIX7I5RQ4X5UFU5IRMS5W7GKPPGKL7Y3PCWDAA,2243889121
G7STJW7GLY25QZ27J2LM5YM6R4KFEDPYM7FVFCXQRU67KXC26TZ2EBHXYU,5D4VUVBEZBWSTLSZYGVSQYKR66SISGGNWEQWCICNIXD2H2H2WZ6Q,378176855
7T73K2PW5WVSALIYJ6MNDTBTY3ULRD2XX4EW4YUHGZE4UQRMW2JIO4RRI4,AEZ2VBHOSD5YXOTOTCZ5OQPZ72LKID2S5ZMBKQUX7CN33EWDZ7BA,220000000
XS7AEQTRFCCSKAXIQRU3MHIWM7NL7V24AHV4XDQTEYYJPE2WF4YAUOZQMU,5QIOKFF7LVJBCJYV6K4ZGEUKQN2KOGKRPABPZRERF75NMSRWZ72Q,20000000
55ZIEIIRK3JSPKLTI7X25VYQI3PMNUAESBPURRTMURVBRNRP45NTX53ZQM,UA6H76MJFZ5EIUAPT5II4EX5XCHRBJAGETFGGVMI7VHHRHSZRY2Q,7490246175
OMT64ZUIKGEJMR3GRMRGHQBEJK3MPX72RNBZMSQJXNOWMANIAD76GILVYE,XOULE5ESP42DTRNFXRW67GB2YHYRUY4I7JIBOLISIXWOUIU5Y67A,16754471631
45NK57YHE2V3WXPWQBAVSLYLBELKOLC5TXRVIVAPGZ7GEPDKPDYAK5RS3A,WCE6EFCH4WKUKAS2UQOBDPFQIPOGTSF63O4RUBT7J7PLK2YSHBFA,34548507962
WAEK73OJ32OXNPFTQN4CWIQ62UGJXMX4Z6746BNGZOGR4EZUNGTPYQTPFI,HYKP5QA53WRSSHX3HGHELJGLNZAHYFNZP5DYRFCYW53WNCO6ZOVA,333822650
AOC3HU7MENMM7ELRK64Y2WV33VTNJDYYS4L7FDMCGX5A3LOVJAX3ROZMIE,7GWMCVNRIZNZKMLSO6PJJPRRHIZYJZQG3G54NFGX5KPT56RYLFRQ,5000000000
ALGORANDOB7DFMWDMJ3PQEPH7N7HSVYWUMJSQQBUOURCID5335UNHXYT6I,J3GVJ3QRTNLHSACFDT4DYFNPG2DUVKSKDEAEPYVVH4NND7ALJAHA,78800000000
TDDF5IYSBQNYMOQEMW4AHKF2EQAKEPT5EHEZNZ7N4L256V2T7FJTAWH47M,YCU6ZBTIRFEGR64XYOAESRWC6FYUR7ZIMCEF566RQASLTPXHVAHQ,15835486178
MULILZCPNVCE3DZHTIWY4B2SDY2H3U2QN6KWZFFSS6JSFU6FWZFSXO3BBM,O6V6AA2UACMPDFUNUE3OK4FVZQQ4TVLUCLTWPFSQ3G5SG4M5LI2A,40618379360
OM5MLFAQDXLERBJ3OSYXDYD3DCVR7XI3K3V74JKLZIYQCDWWIF4NBP7K2E,QOA7OJ6ZBU3GLDRS3JQ645Z72KEGQZLE2SADKDAMZFPVVO4VF3FA,11845134687
2YNMNHBUF7ZMT4RULXMY2U7WJYBYKCMX4NM2S6OBQBPVB42BWSXYXMQ7OU,AEU6PMRWGGNK3GZGXWUZCNRARMKSOCR7TWK4D5CMCR4ZB5GWAOCA,109911090549
XC5ZSDVFMT4WF4VUFFVVKV2BJTAW75FGHK4WYVNHVJ67HWWWYWS7REZX2U,AEDP653L7K4TLDCCISKHXQ3QWPDQNRJDI35JSW5PF3GMPKOF7MOQ,182054651
ORIONASNTPUTXAR7TRSPQWHC5JGFYK263MZKGRODFG26MW5NUUCJLXDKQA,TE36FBGT64XOBD3KNSYQQC6LH42JBPVCJI4B5AURGZ2LLRVUXZYA,251934368315
7YZQZJ5L2TJXLQMAJ3WXDNK4UBIEF7J47QGHPUOR5PFK3RCSVEGKBDR3WU,L4EHUWEYPQMIOH5IKG6QWVJL6XRU4J6EKPMBJE7RVVMTIEQZSNQA,25000000
77RGLAOPJ5QFG2ANOYRHQXLS2ZP52F3XB6WKGES2KPYZC5B7A4YPBNR6IA,JMT5AINNTH4ZFZM6VA2NDRIM7CYPMAWOX2RALAGZMZFH37BW3FWQ,3644000000
KNMHR33F4MUCTX7K2TTFSLXSFDMODEE7B3UKHWKMBWNAD4WL2PHJ4S5TXU,YXZ4GVDKASRFA4BNNI3TAXO64ZKVZXF5F7NXNKIQC7MF6Q6N5DAA,14250000000
RLACWZDVHSVXJBAMUQW7BO6JIR42ZQADHP25WI2Q3LLLZF4Q2FQ7MMYQZA,ZO2WWUER6UH3V4MAM32DCHRN5UATH47EH7EOKWCWIRMMJDQZU2HA,3893057857
ND3IB2KQGRH6XIDF2AHSQBYMXQFURRXAEWWDFXAIRGCERXL5273BTIJH6Q,KRQWVRZQAMHSSZDVMZBCZX22CK5MXUD75OV6I6JWLE32GEVVK6VQ,13582520
RUFXM3WBQM2UKMQZU2JKMFRCYH7YPK4JD37ESAITFDUIKPGQHQSSLSRW3Y,5MWD4T7NMCRUQ4IXPNLDOXTGXLQRR7K32K5FV662WDB6WLXXOPEQ,1000000
DKECHKR2VZWNWSAW5LGPPDUARFCS7K6THJYEZKJQ5PT32FBFTM2O73GVWQ,MWFLJQSJBHDWU4EZCMR64INYFTC2OYTFNHP2JOP4IL75CKUG3QWA,1000000
3WLNX4XRV7UKE4UHCM3H6QMX6ZEYZWPD4LFORKUZEV5OY7LODW75B2HI74,Z4JKFQ2GTV5TVAVSJFDPQF3CSSAX7SAYYCB3L5VWHBH3VVFPUGLQ,11543826
QJOV2S2VLKL4KS5O2IA5KL766TEKXWGBZQSCQLQ4TQZ2QYSWWDWAHVSNNI,ON4FGGHHO5NYAH2WRXMUI7EPTJBDRQ4V42H5CPWT63XCP7YJZF3A,30000000000
LDAJ7UGM4IL2OPZORBACJXLW2JM3C62MTC6BSB2GYIHD6BP4OBT6ARPUF4,WFYMNDLL2BQSOLD7FKR2WLYAFF6HXW2WEMKNXRKMJYVFNOUGQXQQ,13375391120
5PS4BVYRSKS73UWHQHU3TGXDAI6GQNZCNSFWQXGX5USVNC7FV6RBJOSATI,HKUUQSNDHU6EQOMSUCEBCX6CBZXGET26TMJX7NI2TDJJULCBGMVA,1930000000
7Y43ECKZ5LTEC3PUWVGYV4VAI5LXGWJIV5RETFDH3CQTZVJKDMLTT337AQ,WFIEIXOIZPEPVK3GBG6WLLFKAMOESBJIKAEMLJLM45MNT7HJK2AQ,13550895711
VSV4OMWL3NWVKEE54ZEPTR6R7R2XUIUTE7FTRLQEIGXA6PZBYSDJUZTTH4,K26KV5NB3S2VGC5CMPGMU5RDX4C3XSMIDDJVWIVL3U2YE53DP2FQ,100000000
YQNSY64RKWUHB2MET572VQOKWXBXNOR7N2HGT7OMOWTULTVBAEWX7VYX2M,5RRRNR2OJNAERZM7BKGNLB7AF37SNTQVALHP6R7EZSD5TC4WAZ6A,24000000
OFMWU4KBBNGGIRQFD3R5KVKM3U5BUWRU3RKTVZOLIEQM4FNYZ3A57UBLNE,V7KHENREZBHTKIEWW2I2RY6X2QRF7SCRUACOWE4FNMU5IEIBCNQQ,12082921524
YSM7TO74NFAW5QEISJCRRYALYYI2CEWHQOWNHYWBHDTVV4CMKBDJYOSU2M,CQKDC3OTKLUEDRHBBQNI4B3LMHPOIGJ5RFGYDDQVB7BLOZDKMZUQ,2391656415
WKE4UDUXW26426XAY4TCPZL3VYH7BZJ2AL4OGVPQJQDXPMNU3MRO2W4FFY,LCIFEUZJQTM4LWFSSTSERZVBQDRHAXAJW24RQ5IQM3V5XUTGEIAA,9963739992
OAJOZSNQZPSAGED64HA3HW4G6OSMAOXYLUH7GM2SLTYMICFCP5UQTDVKCI,BTM7Q257T3NUYP65AMOG6343BBQNXULNLL6KWF7UUHL27V7MSUIA,1000000000
HV3KEXVONOBWESXD65VD3DOHOT46VZBFXFJY7CUOKU7NFJCWDM5IX5XUGQ,QNLVVXZXOORSGY5HFRZ26VEEN5EHDHLP2BW4XHNGRB5ZIWUPMAFA,5626030874
FTHL4RKDUKF6IMOOC66RMG6YM4YYBWUEQOUBXA3V2GN7663OU5ZTT5EOJU,YUCB7UBZ6ZFTOBFBFBECBAZLHYQDR7FZZY42MUOM7F7U56LKQHQQ,87802436
NQEPR7WVLPWXEAB3FQJQULT3F66EOB3FSHNMI6DC2W2MEYDL3VN7BX5KOY,UB6IPKRKJC7VUKIPC53BX3U3O5MOVL4G3CDQDGVSRQII5PPMVJMA,26274957971
XMJARAOLFWMAQSX7USQ6MRGCXRTZGC5YNNFW7O4QARVZHJFGVIGVH2ZVBQ,II6OQ7LKIZYNUQDRNUVJNNG2QD5UP5SP5R6LL62553C7FM4A6YVA,498163844
5T3VYA5I2QIG7CDPJCP4YB3PROPBFSS63Z2VD5J6M6WVFWC3QTZI3DBLRM,6FBUFJZEWY5A53UHH4ZJFYEY6CGT5D6VGQVOKYRHLWCGO2ITGRYA,19463022
PLI4THTI7C4O3DBFXTUXU6EWL3RE5GVKMK227LBITASJFM3CAROP6CIOOA,4ZA5D3FC32Q3NO7JGCESZN55ZCCMAMGFLMTMAJEQEEYO625HTARA,6024731439
LTKH33NAPKBQNQDRXADT7RTBNDN4EEHT3KXZW57CT7QX4X6QGB7MHBRUQA,H7KBY7VT3A33VMARH2JWOC6J7CENNWFDEDL57GHUN2IJBUCJZMXA,2010670729
TUAI6KSQDPHVEE4ZJWLLKCSQLSXDZGY6BYBWGBBIRFU4H5C26HO3ZX52BA,6ZZGZYDZC4K56SON4WRH25SZGIYVQ4P5JKRZKYD6U6Y3GZRU7RLA,1132916051
GJB3EE5ARAEQZRIZKT3CGOZEDZ3RL5BBQESQ6FKAN52NOPRF25K47IFCYI,35LMVP52MHFCOK5GKMP2BWGMQD6BTBWRRGJIWZKMJ7BPPZFM5CQA,25977640
FMO6UVPKB44MNWI27QTATBX6CATKL7PKGIQEMTRJIT3LL2TADN3P6OF53U,HMDNXQD5PQVRLM7XTZ26H2RR3RVVPMQJLHJPQ4HQY6GI5WUZUYXA,3700000000
VDANEMHDETZEVFES5BN7NFKCHNCNTBGGQS6BGQMQXPAY4OLRSIF7KVYQLU,ZGD2MPWV3PTM566N6WSJJ6CX5S5J4MJPSMWE3SJTJEFNKX4J6XXA,1503736215
JE43TYFTRMGULIRGNEB6W757EO5I253EDQX5VZQNSPEU2YL5PBXSE7KNYM,AO7X6PLRFKEMGSFETDTNOXNZMBFTXZ4EYONFNUSOETA6QTUAZ2QQ,1302395439
5MMT5WNFFGXPBPXNKGFNASAOAKY532AZQ5P472NAXILI2PW3Z6TL5YARK4,XLR4ABZAH5H7MQJ5NAFNCAN4WZEE3H4CSSVKBN54SLM7JTTVM2TQ,680814657
ACVQXDCHCIQ3SCO4YFW36ESIPP7MSAJLX5V6WXMCHO5GTGLNKUOE7BS3EU,7WF5JBCQK27EWZYWE22HYUTQJLRQJJ23BEWLUIT74JVAKQR2GKWQ,200000000
5FJKOEPVEEIUKHA3MTNPXSJDEMAA6I6DTMGHVZM3LVQ65DZH7LWLPXU6WM,6U6TJUQVMHB4NYNKF4PMT5GTE4YBL3AJOCLLR63XV474GPZZV4VA,15480588619
ZZOIFEVZY7WVYFDKTRITXIP73AZTIBQTZNZ3ONS26BNVEBPLMIW3HVUPRA,HECZ5XS75RP3GWUIUTQTPZAFKFPWAHQ56ABOVK5VJS563MZ7Q7XA,20024342730
VNKTDDSIW7CM447YZWZ267USYIOFVUWYYWL2EDGOAGVKJNNAZ5EPMUEHIQ,GTZNEQLXEBF6ECM4D6N6HZVKJTEHNVNWNPY6PJPHRQAH5EJ52QEQ,1208216463
SLVKL6BNQ4FJ7NFDWSJKB2ET34OW2B32GLF75U3XUX77F6KACRZJ5J55GU,HAVML7CHDVJYRGH2FSPIUPC3V7ZLISCYOQHXFVWZZCGOQQN2K2RQ,8300000000
SRWW6PL6MC4OPFUUUMZUFCYDIN3X2KXNLI2LVBQWFPK6UGWL64XARBZLEE,OL2S7ZTYRCZD6AHRTBZGENJYUYJNS73PHOQI3EZERVRJTN52RPFQ,174223382202
XZZFACFT66OY2JSJEHPD7UCOQ2DPFAH2W7VND7WQH2XCOMJ6KYXT7IG2QM,KFOMSY2I6HKB27ZYWIQMZP3EE5MZV6ZP3PU5OCWHKD2P44NUYP6Q,50000000000
XKJ46OIPTAU2DKRQUVHZO7GAVFCHADQPMGXCWXRLBJ4Y34ZRTEFQR2Q5ZA,FGNJLV6B4WBPHKBVUBRMGGX3CQG5XVT54LGNSH3GQZ473V4O7TQA,3547428500
U3MUQHOF5I3VDSFRN7TGWXSEQU32VQZPRFVFKDY5U4TCWB2JGHGIB77LYI,P6PJYRGNFXY2WYKWRXGK6BHBTON5IC23S4JRFLVTK7MAB7QTTZNQ,15898416619
7KA6QUZVD2IBYFOSYJJ6YU3BRSFWVUC5UEZVQVVU6CGAGJSXEFHKLRQATE,7SFNLBKZM4Z3FW5AED7OIBHXS7ZS2UBD4TFQ5ISS54LBPK577TCA,4000000
7T6AMOJ2Q23VPUFWRFIPUNHFVXECK6C5CO4N4BWL6BN3LJTIXQKJFT4DTM,FGE7CLGRE2L5SHLFCVUUVK2ETRDKKKNXURYSEWTI4LWMUM34GSCQ,2978973553
KG3QIBI3S4CFPJUGYNTDJKU3HVPAK472LJYBEW2IVRR3ZAJNOIUZU7WVDQ,4BKJN6AEZPZUFYSOGR32X4F4IQ4HG6EJLFRHU63HW53FKVHZWIRQ,60129890897
POXAV2XHEOKC4QCHWSW5TYDQNDPHGWMA66PAXCQRNJ6DJHMD4VVDS4HYPA,QA2YFPDYYJB65K5RLGYSJECFSZC2CSMX6JI3V66CPDF3BBYLKUWQ,3726748834
JNA75RHLHAUICNOJJO4B74R6AQF324H4QR3NVOXJOCRLNJJJ3B7H6ECSJE,D6H2DZDH5KFZ32TUPRYICST4HEFKBKKACLS7NWHPZLUX2OXKC4MQ,10001000000
TCOY2WUPWZZ2754QCP252A5JTZ5D6KO2AMHA62JIFEDJQPQ2FD4BGHUVFE,JL3VM72OAGQW5ULU6ZVQII2F75UJJMXYDSZIKSBPZVJ4HME7TWRA,1141886916
AEJUXKJYQPTHR5L2N57VY7PXX4O7FAIGBAFELTUVGWOBQQIIAL5NFZ3KOQ,ZZCQIWQ6K4JEJAJJC7ENOFYJ2TGC4Y2KLNQV2M5JYOF6C627DTTA,69323921
OP54FFSIWFU76SOGD7IMY2RVOHYBFANJHG2AUU2T4SC4COOMGGD4UKF4ZE,PVA6D54FL4CMY5326MM2OAG4SBJTJ4GJGEPRP4NEFXEIWA7KNH2Q,87408866
FM5NPZ2YTBFC5RHBKRLXYLZ55KQEW2Z55LINST36RMJJUSL4LNSAOYN23M,5GLHYMBOPPBM7FLYYP3ZTXJJG74R577QMOAECZKWDKPSQROSIQ5Q,12000000
DO3RM3AGK3ZCYKR3RLECLK2KLLMBSU4NATRC54DASSA6G5HKMOMEVPOKHI,PWXDJY6EN7ECDMPYLFOSRIBESCIIYIPTYUXVD6ZMCE442YLXMIDQ,60000000000
GTD3Y2KJRIJOVKGLTWA6ZV6Z5HBF76YENSLC5FNFP3QIGBDG7E3AVS7CXI,5LXMET5S2PQL2TJAJ24FT3RU3B7Q6V6QCVPDTRD4T462SRINQEMQ,1799999999
6NCE3M2PUXHKJGCIW2ZHRJGQFCG6JY6I7YUMLYGXJEV3AUXQ6EVMSWCWNM,C2OPMTT2GMGEEVFUGNMZYOBDARY7E4VMJQJU7I4V4O5ZWHRURJTA,532154089593
GLVXXOMH5SMBRTWJL4G72ULXXY27F7E3A24O76ZHP55DT26JOJ2UMYERKY,NPTFOXIM62QOAKCDL7QKLNS7ZDMXEKEETHRZJU6VMGHX2QANH2WQ,827077622
YLKDTDJBGGGKHDUNTFMTXL2XCHQKNFZWCI6JX7MFWB6TSWJ44TAHTJXDZQ,LZWTGHOTJO4FTY2F4S7D4EUUEBKHKMOLM7WEOQELGYI5HR2TU3BA,3116724717
HVBXDJ7CNUPCJDZ2FROR7X2HRHKCSBSKWGX5NJ6I75DV5IQSZCNUXQV6X4,CUJWA6QIDPLJOD2PPIZ56AIG65AGGIYT7VVIKGRMEWG5OOSSXVAA,8502111112
NBRQ23W5FRXOONAFPLOHT56JZ4POCQAYUUZ4P653LXYSASCR6PI6QAZA4E,6NH3NZ3Z75QZ24QLIQZ3IMWWNDE5UR26MOKP6Y3FQOXJQLWB7C2Q,1617355236
4VJSUB7JQUAFPIQKVTZRAYDWYTZR2662AQ7IT3N2MI2I6NHHNQL7NDR5S4,XDVG5ECPONTRV45TTPTNVRJDURTAH4DN66DKG33GKYJM5B3SZ5NQ,18609020357
2QWBQGVC3OGAMENWVTPN4HWSZ5YREZRVJRE764ZXXEO5Z6RBDRYOALJMVE,35QT24QITYBYN7R6ALA7EZ3TF5VWXQA4OA45XK6Y53ZVNKPTXRKA,1956655697
2ZOTD3RI3D4JGF3CBVYCKHXLT5CFLNSXKFTV3JEUC3EMFKVIKW7NTPHNVY,E5IO4KLOIFTMCPG35KVJDH6IJJSSOQ53ZY4FBQRJQO5H2CBYDF2A,8156682243
673IXOI7OYOEORCQ3GLLH4SEEGDGONZL3PKO2A4O2N64GUN6WJNBAC7DKU,ANXPIXVBKRRMEFDMYO5TKWUXZWY5WOZA4IWEVT7WXAPJUYOEWIIQ,4500000000
ZEDCYIX2XFQMP3LD5SBZ4DFZLH36SPXHRQBMNKB2ITTARONT4W5OA4JWEI,T2MR3SWIOVTEQPSDYS33NDLMC4MEG6GSACZ7GYGXCMKG2BXMA5SA,7869253784
EGGAM5JZ5WRKT6O2YNQAWBZLRZ2VN4QDOALEF4C7AXS4LZXFMQAX3HVKIY,ZHGLZL2IJYOQFGYLB3ZUGQD5ICY4Q7GCMMRU3XTDIWXSBVVGHVPA,2500000000
2B45FSBHMGESPWXTVEAJ24QLXNCEA22O2KKHZWT4N7V2SC74EZK5BB6PQ4,MPOBKSFHOG35KTJIEJBPNUISZHRO2N47U6VST7CQCVOEES67FRPA,2000000
BG37RELRVXTS3BWXEZ4WBGEHTZK274NYCT5OWRJUCAE5MXPPVRAZ5UTDTI,4CCUGZ724AV4YAJCSCOWVMFMO4ANTIPV6OHQTDA4MZPUMODUBGKA,8491827313
K4DXTZ73LJXR7EQMXVQIKGW4CPKFAM4FN7LAN5MFFHZPQ75AQJNMV3CDIQ,D7JA6N5KYD52BMLPK5IIOGN6XA6KOM5OWJ2SJHXJLV2OXUK23Z7Q,5000000
VBBSBIINGCHDCIX3675VTMLOFSUMVFJSWSKQJKAMPTEMGGW53F4QHPU5LY,OXXNDFHRUERFN5RXDOP5T5B6DWNFEKIAKP4A3DI74PQFM7AIPDMQ,6428853820
I6JKBRTCMQKJNRYDCBTH3JZ6CO6O6F4CHQSIV4JGZNSEBORN7ICRWSQYMI,A7R36AJRGWLSEF2XB2RJGW47YM2NYSFOV4XW5CGDPHSQZN65RHRA,425000000
JW4YV7DA2LSQOZL4B3VMWTIFRGJGBGVFA3YAZPLS5WWVIFGFAOUIXBYYM4,ZC2PHTXLPIEKFGRV2V5Y5GG6GADHYHPEEHYGBDSUXOTUVWQ7VI2A,36680000000
6RC7CICJZIIXXQNBJVVNI6ILTMLIN2FXHXXTGN27O5MS4CNTCXGTNHZ2XE,CNT2E4VREYIWCNV6LJ2ZAW245X2XVB5TUXMXQCXEOIECNKULM7LA,55850000000
KP6EOUOH65JQALUHV7DQ2JDSO2357VO4QB32YUWCE7OEUNYTZWKI4LSAWA,LHPORQJDWWQHBTBDQZMA522UEPYYRHXYK7F2UTKBNXI2AIBDRO7Q,4695064970
NPZS2NQGM2XM2YYNULF2RCZNLZKDUMZP3D4YBIZAIFBV3PVPE7QZ4O7ZSY,6CQPREK4Y4NJ6NIXZ5WWCF7733463B4X33XAG27RLQON426ZIQRA,1608739267
MCEPJDPPQCPRSBCIPLSRCQ63KCVNHO36CYNC3UODKZCBGKGBGYTY4HOOXI,2CKFFAKBTS6YZGVZR75ZSCBK2N4SUMO6L35MZXSZEMB7YD5RM4UA,3000000000
GBNX4GMUHFEMTWFAESGHJKONCLGVV6LAMTG5ZDHLFHLQ5E57TC2OSAN4AI,JIIXOQENMWOO4SYWJL7FFJN3BCJQJ5FJ3FZUKFBHVJIPSOUYHQRA,18182313
XBLTMU3AJAMWINGBNSFEWDI7KCAI2SH2QNJDCSA6TV2HZPBO3MY74K4YYY,6HSHZSKXHQZ2XNSTVEB5WDR5WECMHXAL7DSIR3T5VNNZ5G3YLFJA,10500000000
7R727RTNWZZR6ME5JFZNXQODUEJ3OXB3D4ECOMFI6OAIW24GOD7XK6DWUU,RUNTEQGO7PPCQA3QB6E2TI77WQ626DNVZLVEMYZSTWZMWDGBGPMA,9908593504
CAY2XZAH7SIUXNJV6WJELWBMTMK3ZDVJMMBF6PATG7O5IDTFIXWJXDE5AI,Y7K37NKQS3S2ZO7OGL2TEMESXEJHLKRGZI3CEALWYWRKQ7QFLEYA,1000000000
O2HE4PDGCO72N2CPTSEZHP73S5PKIKSXVUJV5W7U73QIFX4H5PHAPKGDBM,LK5AEWAOR5HMQ3S7TQIDJHEAAY2ZDOOANJBD5DB27BCJ37CR3MBA,814385942
TCNTTXO544ZQNBMJQ5RRNXTGNSNK5JXU7OHJZR4ZEWJJV6D5KQ62IJXGZI,L4FLDMJNQXSWCLUZN3V2MOX2XF2MDQLJOAD5LMCEL3HSW2ROXS3A,34279144939
4OXWGPFSGETJDZLI77UVKK5VEJZXR6K3WTG6P6KZSHNDNJKWNLKIUF5QXI,TT5WG3O5LAHFVVOQC47YWZF36NPMDGI5D3VRI2DX7H2JSPDPV4MA,578565065
UA7R2B4AUU2OVWD5PECEY7JEWQBJ3XSMWTIU5KNDM6H4EYWIMNTEUVEVYI,EWAFZZIIOHLRENLDRYTAHA7KEOQ7SMGG2R5ZVMNVDJGMA2ZPXNHQ,2684000000
C5XS2RBXDECDFW4EISWFXEFNCZU2FNFPU77NMNMGOKVQQBKP6ZQXFHD7CE,DSUXRODJKA4WFGY4A34WZVPV7GAAPSBB5DIOUZUFFWSYV2XFYPUQ,856343
3ORLQFMUZTUXIOG4MTJLNZDEQ6RL4CMIOTLPL7VJEOW6JDJEB4ZG3UUQUU,KHTI4RHA7ZJIG6IPGSUKLQ3VIGQKQW2PBDFKUIL4MCF47U57UKAA,748911426
Y6PSHFSET6POE2MJSKUBI45MFFDT3U3622534M5YDCEJ7MKU6KZYOHIOC4,XOVCS2WBEJMCO36SSBCGU4EPDYCHE6BHOQNWRGYDT5K7O3A2O6IQ,1000000
ZU63KN7LZ7TI7D76Z7JGGGIJZN222ZYBJRNBNVDA34E6SQVUHPZD72YLLM,OTBCWZX64LEFX3X4I65Z2I3XTGCCIZMQGN7XAZCWMQXKXQCIHOCA,1450000000
ZVCUIFXEATQOQKHXOQCX5AM55GEKVF654RW7D7JSCHNOCUOMQSZ3LGMIIY,MRXQNJRB2H3Q6NGGX4HS7NUGCVY6ZC72DYT6F6DDT3OTOKZHWIPQ,1000000000
WEUEU2UZIYT7U3CUDULE6JGI7TPQCZH362Z5IWAFEARFTWIPJSWKPVZS2U,5BIGRPZ4SMXA62STFQK4353NGC4ESSNLGXWMDRQUSX5RHE6RO5WA,42813393016
7HEKKIA3DE6SULZVG7RSGOAZGTTNDMFQUQUUGO25KN5WLF3SSWJD5ZMFRY,HMYF5IOBM4POYFFGZ64W3J4LSJKQYMD3PCLB3BMSQYPXKIT3DZAA,125406625
ETC62VQLFKUARYSE77C5Z2J46FEJECFRHFWSVFV4WHFGCU2EC26L5P25GU,LNQT7S2TFF5PQULIKBADSQLDHQ2YNDMTUNZHDI2UPYFPLQC5IV5A,10449698100
C3SYUQX67OAWSQCH7KBHELANJ22SGZGK7HULDOTA7VKTLS22CBGCTJXNXI,RVQUS72YQM5D4GGJO6QRMDS4GEKOMR7X2VYD3FDM5TTOGXELKF5Q,10794301753
K732OPQIIJ7VUPISWTSESC64A6ETX472WBRO2TJ6Q2YGEMWFBPK5SYSPUU,7OBDHFV7MOBZA2YHFVWHC2FID2KF3SMXR4GH6ANDCT3USR4762YA,1954000000
AMMZA7NTNRHV3OEVYRRUN6S26BJWEWIM4WZT4E242KGX37R4LP7FRELW2U,EBT5UPWALJ4SPDNVDYNIJWZERVJP7SOHEACT2ZL5NZTCIS7YDR4Q,10000000000
CPZQOKYSMOGE46OA244QSCAUAJYIXWXKC2SU4GT5M2Y4WDTON2OPA7WBSI,TCQN66OX6UDWVCV4TNZ7O6MZMEPS4D5IE4GPWNPJAFSL7KYBJDMQ,5000000
JGNMUJX3B2Q76LVFJKAW4TGSYFP6HHJPZRLYDXYTV6IWY6TS3BQYZRICVA,BXDEXWCBMOH5QUO5TVI4EPSB7UKDPXDBOKZKGMANIEXS57FQYZ7Q,10074413393
XNGWIGBIT7HGM72YK3ZWV22ZGTVQZNGHKKLB35PJOQQEEVD3TYFIG2NNDE,CVZERVBUMCAF2DHK6F5QYUB7TQCFX3NCFX4ACCB2I3QYAJBT3B3Q,50066578451
U3IY6ZWCMR4GKHU42JHGYGVNYEM7N4QMJIGMRGH6P4LWSCDGKJ3UMEXYUA,P4C2NIV42D7OY6B2VHR3HD22MOFOGKFFDPCRSU55LKBXEQHWN7XA,113516750009
7UJF3U4RNNV4F6XKMNP7M3GVGNRUEFZTKLCRCZCTSYY62IP76EI2IM7IMA,JI6RB2GF4QRC64UQ7FF6VGC4ZKU6HLN46ERE7JNHUVLK3QPTBO5A,1573000000
NINNIAC4USPHETUJ4DLTXD5VQLN2NEG53GKWCY22NJEGBW3DB5GF6N7JZ4,FJ256XE24FPKBA5NDWRTFRNJWPFG34TJVVTTX25RK2N3A6HAVF6A,82678908873
ZKL2G62XPY2RUG27MS7VUAGNCG5B77NR5ZUX6US22OGVQHLLOXWPVNFTXQ,MPXIXL2BUT67RMXIA4CQ4R6ZCOLYV65OSCC7AHCHNUJBE6FO6QEQ,170000000
5KEHO4XN6NFXTUEJOH26ZBLMHDK7YFGEBDIIHTFWF5KQLBLZLMBGZHJAXA,AJG7BSQXHMW2XTQHAE32TP2BCUCDPINGC74WHIDLMLKBDGQO7H3A,998999999
VS77ZHCXUFQCS2V6KPIPUQHBWKJJSRIR4UKIHTX5VBZ6WMGR4ASQXPN7CU,5J3O374VEVZ2NSK4FRUJGLX7MRUK5ZACGT4W3GO7FM66AEAIHGQQ,12793406
A4OERLNIZQQ5M73BFBYPV6BY7JDMTBRJFQCNHJO2FWJ22DRA4JSUTHYQIU,GP4XZXKSQ7IDQP2YKDHCK4IMDZRMLTKGSSFOQNOXMXWJ26IK7QNA,40000000
2JW2GHY3TZZGX3IJTNBTPFMBRJUOVCT7QEBSXI336RSMNWVXI4CTD5LFHE,CPBPCHNY3UUEDTOYQRN6LZAZYOSWOSOEF7M22546XQZQRYJBMC2A,29999999999
OM2XBSKDR2A2F4U6U3NRP36RPQOQIVQNTKWZO7QGNCKNTTIWLMBAOOIRLQ,TI2E2BVU3CTFSO255KNQKWHWBXO75JKQSZREHZ3CSWH5HNL3DCEA,29709975398
SSGHP67QY4KEFVEPS23GA2IF5KRZCS3PV5GT37QLH7GLQIP75FSJFQWNLA,THZ3CCSIOEW43IBYRQIIX43VDFQJS465LR7VB6MKWGQEW7U5GN2A,480440095194
X32SK4NTIBMPPBDNE5XTCDZRJK5DUROXTAH6KQHAGCSYLJ6R4AXAIYLNAM,3PLHOUDUA6EHDMZYKS5FI7IHF64YUSRDCUMGAACV6SYTVC6LZ7DA,25081482
YLOYNUNF2NSMSN5AOEMYOA6YQPGIDVEPAB4SLMPFKZ3OOOLQQLPDX6QOJ4,LKHRRVYXET3QFGXOUBYWIVP2EAEOGLPIYDJLRQFTWXEZV6L7MS4A,360000000
OPTEJEFEGCFTMER2P32NOD7DS5CRUKJYXRRU6WOAMOIJWYO7ADK436NNZA,3GQRZAF2CDI74RUPXHEVDFUR3KGO4QMDMGUE5QDQ5R2FBIVD3MLA,2801495662
YLKREEDYL2W67GUUIY7H2PMTHXOTGQK7WF7YT5M3ACRVK2RSMMTR6GRXNM,MDDBOXE7VI6GYRJ37RPDBI7WSCFFMT4IY2JZQTWUREJDEQO46BTA,140000000000
4ILNE44A7H5EAV2P3XW3DRPX7N2ZK374HIAWZKSFK7NPSXR6DWRLFYOPYE,MS3RZNPETILPL7ZLXEFJ3ZH6JHBMPYCBG5IPLDGNS4H5HEEI5INA,11000000000
5MZEMIXQPKWBARGYWK6NCTRY5HWTW6ZRLMW6MRMHAUVPMEJSPKE4HUYBLA,6OMJ363MRUVDMTH43QMZHDLFSQ2AYOAZELMJT5SQ3Q7DAIGH57WA,900000000
V6RJLWBK5W2WUQFS6OF2KLZGTSWPJ73ZUEBTCBSJ26ZK7CWHXK5J6DHXRA,2JBK3TK3KYJOBCTKWR7NM7IZT5QQLFTYFZTQEOQZHS3FT36E453Q,87890000000
DCQCS5YQNUVPBA5QFHKBQXIZH3T3BGNVBC3J5AQDBZQFQQ4MVGWXGN5TPA,6SEQKQHRCCPWXIOPWE7UKGUCB7CGGAZ7RH74DWFXHKBVNUPTLT4A,60032375741
VSCDAF75HBAWLHHWC7OYREJOM2HVKMFCZLLB7EGEPYAY6RP3RE75BRZP7Q,7EMBE4746LA2OY6XXUSMIZRT4Q4WCKNU7QRHE7ME3FAAJFAKKUKA,200000000
ISVRN7IRUWKVHEDASGSIONZJRSSWD7T3OQOXHPPJT4EYTSVF6NEJZY2K5A,PHNPLV4EYPS7HRXIFPIVSLFQVE7HYKDO3J5KATM4ARNNEE6QQGWQ,275738673
FTZDJDXG3C74X3KCIFO2VOEXSUBX646XSHDVLW6KL5GH4N6UTGSRWDFHXE,KWBMYFFQQHMC4NKOPFOFBYOQA4NPHTMIWRY3B3F25LCFQCHDD2HQ,24900000000
PVGG6MOBSV5BUBUNN2G6624Y44NY5UVIIWDHYKX5AFSLRVEACBN3H53K5U,NGSYEIQFJMGBPJ4NRYO3EU2Y4VAH53HIOQFVJY2QRTQOHPQPO6EA,61439333013
P2RIGRFCY3GKWWAQJHO3553A37NM6OIIHOEBOY7MVFGOUFPY67U5FCR6YI,6NKD5EPIZZM74VLX7DNRWTSKIP7PIEYHJ6NXCCAWI5CWX372UXMA,16000000000
PN57KWNQ3ABLRT2TLQ2DDH3ECLAEFAN72NHPNYTJSVBMVL3GNGWKTNYDME,OW2L2QU524L5PI5A2PBKOGBRUDAN73KI4Y5MX3L63K3OFLY2LDJA,2000000
IS4LR2UA6Z5K7Q4UE7UDG3TXBVDRH2SP3TZYDZVT32NOCMCMSMSYZQ5T3I,E5MEKEAIJRHNZXX3MGQCPY5FI6T72AET44RGMSEXO7SV64HE3L4A,349281998
3WVXNM6KQYLGV744653ZPZ3BJ2LTC5C7I3OPWOC6XMUYZZHK57PNTP3BS4,ZQVYB4WOZL7NE6BS7YDZYVH2VTGSYB33H7TIJFCLVV3FQ62HQ2TQ,683451034
NNXF5L6AO2K5FEW7HRCCDMBV2GI4D56E6P2DOVNF2CUGIW4KOD3ZXV2CHA,BXFAOXSZSFEBOZRMSMSKIP4C7CAPMSGK2HZF3BSYHDTWWJ5ZOJHQ,147440612
2T2W3PWQL7RNOPCBM74MZY2OM2X6BAD5PBZT4SX3IDNO7HOCDLKGWFH2TI,GHPKRU2ZD4GB6YIJWDYWLDLUWK5VLPGL6HZAQPUWVP5ESTPHFKSQ,757597975
VSOEA37PNOGUEUTHIC5UP3IRU5AEP5HTSNBJTVTTACTSEXRDU3WPHEUQ2E,ITZY3OMJU7KKJIYMJJIU52NUSKYY7UNCCIOZVXG27QFFYSWR3HQQ,18748547095
WBZRT3HB37ACKFZDNDX6BH6OYTACCHCPZAO4DXFGUYCYZP25KVWMAPMNOE,HXA2RQTWXGJ3XAH2WITXSCMJYR3YN2NZATJ2LRV7BARADSROZ5FA,1726488
AX4UDXS5I2EKY76J75LHLA6UMOUFC4OP7G25F4GMMJOMQ7JIUMYPM5FXCY,W3DQYREHYMLKOAJDDFINTDOMQ55XQXGXLBUXIPOP3BJ7TQ47HMRQ,2000000
IHALHAIZK5G7PZEW5VNSOPLQ2DABNIXSMTL3BGACT6ABHATMTDZD6QDC4Y,TOXSMVOGMRRU57LQMZX4PY72YKGTWOCFHHXADGI3NDSLRVSL5OWA,550236827
J53OJD32NGVQJEHWIZ7FSD4YT4SZCJWSL3B7WFOHQCLABPZYGYOU24XOAY,HKTVZHOJNKJ2HUXHVFOTFPPSYKMEX6Z3XVOGTUQCVGVRKZ3GXEJA,1660331257
7V4T66JUDB2YIJBKSLIFLZJ5GSPYPJFS3UBPCA624DCMWM4EVFXKCKNPTY,Z7PI2R72E5PWH36KWRHXUZC456X3FMXWTVCNJKXQEWLHFCJGHBHQ,1660613069
HCY6OY2G4MCYT4WPVACWS6TV7PXJT4BKHFZBX4NKO4COKK4ZF2TCCJSH3M,BS3BECSGEZROC52PU4Y3AJ6SVGUX6UK4V7WQGQ2XMQFB2D4M5SBA,12530391670
C5TPVPXJYCH6NMSTJ7CBEMPIIDWBAVAY2TSMIF22RZFJISOESR673EVXU4,XCEKFWUDAKHV3GF5NDUGM7WZHUZ7PHTPFSBLR5FBOWF2OBJDXWEA,763759773
XJMFVG345DTIKARCJFSZ7GAHVIWWB4523GBNKS4L7LTIZZUFHLIA5NZPKY,7N6OVNK6EKGMFBF2MGLYLKET3XGBMACVBM45RDBMUCWTTB5PQJDA,15765842
XKTEIJPWG6HOIWIEZL74ZMOZQZ6TZRV36HQQU2KBYH4YB4OIRWEXQYSHVI,FARGBX63D5L2DEODB54HOOTS62F2CSSBQLVGRI3BCARBVOBD3U2A,33737937926
FUBRIAAMM7U444NRXUSTIZJ2DMNESTPZS5HQWMXKHCWDGRXCD3AKMWYK2Y,S3GZNSS5X43IYLLJZA5NKRIFJYACEDBJSJ6OVE4QYWB4IAR4YA2Q,8309929
MC2QUWCEF7PH56EFJEQF3GR3UYBUPLM4MCSSEBPVBDBHCGP4AD7CYBDNWY,J7BGMMNK32CZZHTVUKX2UFLCBPSNIPSUBNKWVUZFA3OBWKJR6J2A,1005951128
2RDKEBX2W4CKRDU2UNCHZUDOHDWNWXLARFOXM5HMLLXPZLWNBLWKKP3GBA,TKS4TREVEI3ZXU5YL5H7X2ETMYKWPQMJN6LGS3Q2OAMPEYKRUKEA,10600000000
ZX5PJGRYJVQUW2CNTYF7MAFZELFEHU7N6MXT553P2C5KGQBZRKR75FQJF4,7YEYIMO2MHY64WAKEEFVRGOBTYHIBVBM5VECTLTOAVCXV4MNAHXQ,60643999
CROWP25WNKPZFCG7SVAR3HJZMSEBY466IHTKRSBY6THOUWUNPQCMCPNB54,2M5KEPACGCTFDHMDK5UZKMEVR7NSTYNBCHIB6CLLAS7MBIQLIM2Q,53291599999
P32ROLBBLRCYA3PMJMPGHFHI7246WHRUUXWROYSJWRNXSUCOK7HASHEQCY,J2QB45NGLS3NQS5RX5UPRU2UMM45XOJSRJFBKZIDOSS25HAII5PA,319000000
3RTPUNFXHSRAUXUDDRQK57URG2GXM2XBXIIOIGWU3JOKPX2VD455A5GOVY,U6MGJYRNXYRBQNYLEZ5OHH5ZH7N7SYWPZQG7CNTVHB6VS3LCWBUQ,2783031895
3NFCV2T3QJEDAQC65C2V4EQRUA6BBMYKE4G67UBCJF5SHRLYOFEIWOU63U,E7LNKJEKGOXI6UNR3ZJSYZYAPYYFVJMG22O5X7QFYLY5TXRB7CUA,600000000
CMUSQJODBFZHMJH4L2HRCBGSKJDCNUCDYBDVL6J2A36Y5YIOVV22GIT34E,ZZPJZ2QHLDXTXTMDYL63GPEIB7ZOXGDK65VGREYEEDSNK2JVNDDQ,75000000
BO7NOGGIV27IKULG56ATC4JXGVO5FKQJ6YD7TNSF6UPPLUWUP2E2KFVXWA,V4Y3VYM6CZG6I4V2PZTHD2FMJ3GUUFBUPQUIOYBAYMQ4HC3JKPBA,12437337304
XOCMTFLM7ZPL2YFDMGU2XIHKHXDCDNEJFH5CCFHAMM2U32CCZIA4PTSTFU,3IL5ZEOYV6HYH4DPAXSOF23HZUGRKUOHNNGBF6ZY2KP4BKVVLWCQ,1241794870
VZM3W2QAFLWT76U432WGUWYZXOXZNRKK6GZ3OJ5GFZBQTBFKXNUD6GG52M,NEDPKDD2HAWHM656UXJT65NZVNZBNEFSGM5WT6IUOMCMTG5A4HCQ,10000000000
UEVVNCWAAA5IWUPHOPLOHYMDERS7DKY72YINNXPADJQO2FMTD4JBFZKXYI,LCCDAPRBW5LCMBZZGZOSWLBJGLT45F76UGOWCZM5OPP2YIZPOHHA,1779434504
2YVLWMFWKCJBOVRGTO4BLXCXWI3MUYSL2OJLVTGUHPPVSHNNYD46D6VFUA,MC2SO3K7FI5PIJESG57UJQDBSJEUKC5WLI7KZOKXJ2Y27TTBFZ4Q,730846165
IU7XY4ALNBALTCJ5V5UJZRI5FT6NGT4WINVVJI2YK4B2MC4PUANE4NWZSI,RAJK4UQPXPPQN2S2JEVGCKTB37B6JNP7EF7W6JFUKJSKCQDCYMNA,2000000
PH5X4RJTP7FVHO3LYOV3RLRTBWLLE42GFMNJURJYCISSEYUGFHNPZOH4BY,XGK2DF3UUMWLIPWAYJODVS42NAFMOBQZQE3PRRTM7BNEJ2GGQZIQ,160000000
DJYUY5DTOVVU6TDQUBDEZSXJCAN4PH3BBPW2JWSSR2PIB62L65L42UQ6OM,7ORAX3VBJX7YVAQKUMNCSD3IUJAGUZ3ZLSA4DGNAJ6W3WDBWWATA,15243072
CW3DK5RAZQICIOD3HNMAHJT5KWCD3UM4WD7NZGLO66ODHUIYGARBEER4SA,J3QMRIBKV4KBHYQ7MXO5BHUJBPQEZWTO7ARBP6OYV5D6XVIOUT5Q,5000000
77QFFTOGH7NDH3RELOZBQEPGUHYYOWE2F34M5C4NZSBP5QCFPPRE336YKI,23IJZ3TJDNGNQJVXNYHQ5EOQDI6QVWYB234O7M7NKZGPB7EPSPRQ,220000000
SAQZNDKRJWLP5NL7VKMLHA47N7TLRO3KPJFCT4JKTYFIRXP34HTMLMQNY4,XH6WQEV7NKLC72RJIFIOY3ILP2RKWNWSPIBFBXTNWQVEHG35ZTBQ,18643352831
7Z3KAJS4PBJMAR74GNWJN5232OKQBLLG2MQFJUZ7FTONUE45SMUJ6CMIWE,IQXS3HVMBWMXZVGIEDRCZYL4VF3N26RGRARQESTHRYAETBPQFRNA,187000
6YBE4MZZZ453QBGAHT5YJLR3XNNW2HEH2LPJG4MGMEHGLV4JNYOG5H2P4E,WJQ7PUG7DCNDS5C4WQFSF5RLULF2CL2BRCIM427JGLS2HHCM5BPQ,2376928115
ZE7C5ISRQTBVPVBEG55VGZZKJXHEZIOHO3QF4DIRKQLYJC42JVJP4YPAPI,QATXCMMBLJCPKXTTIOPBFFNZ7MRB2NK3BDSU234KTQXJVJENHQJQ,1251470462
24IXIYDGRFKVHVSAOYP55LFGLY5AHSPK4KXAWZZHQJ7ISOOGWQRVQGWCPE,45FCAYFQPOJIMIQIAO6N7KIJVGXEQ2PIOIUGCADL4EEIMB2MBWAQ,2318335139
7D5VFTCDBSCWGVAKDYXVWBP4NTUWLCC2ZVTMJKRI5H6LOFWYKSFKYY4KEQ,U6FFEC2526RVRU5TIFYMAVZDMQODLN6ERUKOQEUOHS7WX7ATO4BA,3000000
BSJLTOD6FUMA7CGWO4H3K44XNWAG5FROJXJV22AKOAPPDWKGDV6MDP2Q5U,BHTKCEIHOGPMJOPOF2BWA727MRMXMAMENYWKQ47LVF57S4SCCUZQ,4334101285
E2CH6RIIIBNBSGIWDNPBGYLTCRFX4RFHHUTN33LNNBX4FUGYZEPZVV5MPQ,P7T6NPW6X66OYBW4SFHFQY7ED57SC4Q5O2SRJIHKYBYQBZKXSVMQ,200000000
6BMH4XZYKHVAUTXIOIRNF5UIZCO7XLC4VB7KFYJAUVINAUPZOIMWZH4KAM,LYGQCD5MGB2RFYMCM6UVXNMWKLK55O6BTSPGM36FK2I7J2OBHXAA,531981
MWQAD4XGSD6FW3E5TWXAM3HT664IPCBCJAYSHDWSHWPHRFJQZJYFDZELHI,EIAARLLGWEY4MKNLLYHCOX5HRZ6OVTOCYYIU3TGYEBIS477FHRCQ,93806504978
L7ONZABRNPELAOYEVP2BPCD4YHMGDGPB2BJXB2GJ3FN27BU24QI6YAP4WQ,ECX6DHLOTMFXJUK23G4OTRWDPNWU2ZENEQRMRMJIZW7GDYJBJKZQ,5000000
57ZWWGD7T7MJHII7AMCD3X6LNKHV4VNG2MQTJMLXDVGXX3UWKZOU4VB4ZM,AJWJAWS5TMAEHPSIOCQWOVYLUKMXQNODTZSNOKM4HWJTRJCS356Q,21220663082
PWKMQIR5LA4VRMEIKFA32Q32I5IUVMROVHCJIU4GGVXNFGJBTOGR5RUQ4E,FEK5LKJ5B2HHQR7EMOB6KQEBP4X4CN4GHG7EHY4FNTGDR54DQUEA,20000000000
G76MO6TUXUMKZWDECWRUJAXIUY3C66INBO6YBEYMLGBXNQ73KEACXTWQRU,W7EXRB22CIO25QQCGXGQDJOD5JDAYRSU4EGBQ2KGVDNIC44RQPVA,69818402213
QNQMCRU63GNRWZ7WURKUZRBNRGTTOLF4LXSB75PM574JMK2DSJT3FZO6ZM,EEOYN3QFUQSEHAES7S4YVDO654JQE7UGEMZXFVT5IMTMW5P44FMA,1007992
K5NN57Y7XSSFEK6LBMTXEVUIZ7MM2NXVUSN5A5ZFBKALYLVGWNB2Y2ZNQU,3CH7IVZEN4BIDLMN577KBA4RGJ6SKGNXP4GLKK35ZZVMUJYNWZXQ,499609
CFDYW5FK7FBRZQMDT75LCYDXAULZX236V3PHLL37DPONPTTB6C6O67473Q,BTQWQNTX4DC23BKOQSRQXKWXJCMNG2ZGGUP32JXG2W34DAXSXD4A,31725724612
SXCUKUSKDITOOPRM7FVDVUDVYSRKTOOGQAV433CMSX62RW22UH6QQMR6M4,IER7O7QOE4K26J263J4IG4VVKRA2ZBQMVT4RDOYP6KEQN6MA6CPQ,107600000000
4NEIV25AS2ABPHXUWCG72VD7GDETDAE67OXBJA6TNR2HNGYOE3XEYYRWJM,SU7QJZSA23AJL7DYWXD5ZOTYLN5WCOMI4MBKEAMLLCOJIH3LD4AA,9192433607
DSQFNGHDKZLRAWADOEI5BMNPPBAEKT2KPQDQUZM7HV2DPWRLKVNK4AT32Y,IXPDVIFRS6R7A4WQ4HLMXCRHZYCTEGW42IIXGZZW7G6YXI7ICT2A,15145653427
BI5T5DNCGMICIZYLBTCXASJUFBIF7CDQ5IIFKMSGVDX7SQMKQQ4GNSA27A,RT5VGPSKTH6CKUNWS2X6JZLHFKKPSUCBCIXLG3CYMZU6ADYEIQWQ,990000
YCE7UKQZ4M5ETSTL4B37GJCAPCWQDQEF4XQHZQLCIVTPTVHKAIK3YW4JTA,37FW5CDN3W72HH6PZUELWX4VSCZKXFVFNYXXZNQ46YETNIWHOLHQ,9093
IASP6FWDILQFKJTRQH2MBP4R6XKH7IZ3F24KJHQ3KPCJU24SAFFBNHSQJ4,FSACA7ERR6IAOPME2DCJAG62CSZMGNJA6CAFMI6TYCP7MKWEWCTQ,21624000
GX4EOJPSBDFTWLBLTRJJQEDASLXFRD6BA75AEBKX45LETC4YDZCLRSSCGE,XCEGYEVQ5TKNGZE3RCBU35BKY5GN5NU4LXMWPMFPEAMFQD3463HQ,803608336
XVHTKTZKZAC4RFHOFW3AKKJ7YOMRLXCKIMELG36VIPCA5KCBFSWUZJR7YY,MZ7UYSTYR5ZH56I2UXHOBGUJY53UNBO65LL7RZDOI3TAQ3XYNTZQ,100200000000
44T5AAOGAWNJLDBCPTWQZAR6K7ALMUPEKN2PTLGKRZF2NVEWH5E2EFFHCU,F4KJMXDYBCY6SSUZ274CKYAHFT3EP7MEP3JWOCPGKEFRBGVHZUUQ,28179911
JUU4BVZTSM72OEBRXBHMA66C5VVGEA2PGSXVCQUGKGFJ7L7PIHJOEXH5GQ,TN6376OAN36DQEFZBYP7TA2U7MUUVIXCN5N67EGO2AKGIGTPP7WQ,111945000000
QAELMPO5MY4II7TLEHKS7QCJAAGOKZD63C2OEVSGTSW5XZTBJK6W2OGRMA,M2NLGVOXZUWPGJRVZYZSP3WNYRFFBM4QTCUFNUMLDPTFXZIXEXGA,1979055039
NX7TX57ED5XY6EYKWGWAR5GOJS7KWSXO6NFAYT6WBMQ4WZEKSMS2HSHV2I,BCYLTW3HWB7S34SDLYFOFLN75SIJ7UT657ULAWSRQIAVRQJJD52Q,10948598059
SUK7IOXIB6K77YMBPFF6SJHR7SEUADB3HDFGK2DMP52Z55PWRXXFGBZ44Y,IFDOCNH3WN2RPCJXDWF33XA6XFA7SRR6KSUJEJIPJGA54LOXKNMA,12863466788
UKFGBLGOYQIVITGC72XJ7DVWPMVPPFFAKOURIHNJZZXDGMIXKHEYLJMLWM,JCFDTXKE3F74D65QA5XI775R73LCVEYYSPJHNQREBYKTUB5NAK2Q,384000
IYOWHWT62R2APN5M5LDRTLFQSDPJVIUO5KT7VOFJ7OCECC7AY2CEJOBS3U,ZTBVDQSGDQ6TLDGAPIUTEPDG5JT75XWNORPMEKZYICWUSQAQ6S5Q,3680060536
TH5CLFV2P337JYEBP52UPK7DBGJVAAT6P6HTRE6PDQBDJ2KLRZFG7CXSSY,ILSDU3MRMHN2HTGMCOU7W5556YEX6WF2UK63GCZQ6C7FNJ57R2UQ,14950000000
IO4CGIRD46RDFX2LXAFLIJCVGEK5QTRHNWR74XHDUVFIMJWPGKV477DCLU,AGWDN7SHCEDH2OINX7R6NNDYVIPDHOBLDWFUYJTY75Z567S7SVRQ,10150000000
ATZTPUOJ4BAOMUDYHR3FQV7B33DV3FUAURS72I2COLNYDHTQTHCZGBYGKU,2A6LGUDNGLEC5EFZHN56PXBEDUWRWS7HH6ISOFWFQM3JAL4NHMSA,64000000
GAV5233ISBGD4KC5WJWS6JJK7QPTRXFSPNNAQA3CEJ3QWL3L7YODMTAUJY,7AISNLCNIXWH36DXYNVVA67N3NP6IRCBP7JHG6QC3LT5TVH2ZNHQ,77021437
6HK3J5NHVVK64MOH4BJUOZCOHCLM5U3YO2DTD3NI5F4SXLGFNLPYLBCWKU,YSOTVXNGT3EAQZ5RXG2OTH44G4Y2MNDWM5QWHJA7EWGEZ25IWLBA,2000000
TKSDE4YTXUMDWUMHZ4VBMTV3DSOFIF4B64DTTDDLT2WDFI24TMYFV6A5II,ISXGV47UVIDRY67KK4W2555EUUX5JQIKDED5R42KQOY2N2TPHF4Q,33353000000
NV4TT5J5YUQX2DIH4BBXWIW7YR6QGMX34NEHO73JYWFV6KZ3N3OAUQD24Q,ZC64HXPHRWS7IQEKBYAJAYWYARG4KJS46BYO47G43QFPMGH4THXA,800000
2Y2MT4MHZH3JWAWSFD7UGOBLNFG6AADYI2A3PLV6SVIKEVTPD4K6TDFHC4,HJMGNMOFBRALKVMFYUZELJWCAILNGY7QYBLFC5RPZWFMMDBSDA7A,5520950045
ZSKHGS5JGZJGVSRZHMYJ6JWCM4HE6PQ6M7RMCUSOGMQWJX55RYSTBTVAYY,WOQW3SIH3RHOROBQD43QF2RAWOML5N6T5AJP7DBRIFC2L527YWVA,32000000
G3YFX2HLTWG5FNTHGOKQ2O2KIQ7SVP2SLXMHCCKHUFKJAJKQU76FWR2G5Y,MUL6S2L2PR4YI7U62SURP45XEH4V3TZJ53TEW66R7CWEMAX75OSQ,7996404226
MNXMBX3CGCA3PI5KLJW5PNCC535BAPWI5IERTW4Q56NTGXSEGORXJOEYZY,P6DRO52WLIOGG5W5QTP2INB4SDKOFQYXFW4SVTNENG56ZEJYUQTA,3118278344
3G2TOXXDMVWBFOJXZ2RWTODJWRA2O3MGOPCUF2J6GO4RLXA7OIORUPIM4Y,3HQHKLMNZRFCBQEUPIJTXFEOLQF2PB7YTWBZGV77SIPBFOYND4ZQ,91454036
DAOD5B4GLEI7AXL7SBLQOBLSIS4KI3OBAJQMJIICIUQCJO4C2I5QPTJ6LU,IFR5RWKDCTQ2XQZUSYOJ5Y5GCXGWCNHPZK6CFMEFQDF4CTSZF6EQ,10000000
QGX6OB66Y4XFYHEPCOVLQ4JONATJP2DCLYC3LA32DUQLZU5PSQJ7SHZ35I,XEAYH5SFGSNHWTX5FEFGL2PT6R7GZRUE32VFV4A3GTJUUENOQPHQ,3184857617
3FD3N25CD73PBJPK6VE7E7UAOUCSTMZ2QOOYNAT3UFPUXNTFFLW77DTUUM,UCQOJ7L5P55SFEA6M3JHLX5HTAZF6BSEYTQU5KNHIRQ726ZK247Q,100000000000
HSY2EEQJBXJ2QQ5FNWMVM6CH2ZAMDXIBDLDXQATEIPQJMFU4SCPMZYX6KE,VTEE2RBXCJWT3PXSSZ4FBBBZCCIHNRCPCAGMLKYYQZA53PVQS4ZA,2846921700
SFTH6DYTXD2WAP6BAYJFD425LH4OVBLCJTWBVPR6WS37YWA34LIYURRFSM,ALPWC7G7CK3NCOW2X6P2I4BKAQBBNBLJEVBXXJC2KUW7XGYMCUXA,40664221851
6ATS6CBLADF356QXKFBPFQ6ILW6U7IZVVE5EOG2GCXKMR5LP5BEUBBHP5Q,SXZ4XYWSIESK2DRUCVYCB4BUSUVDC6P6TKDULCVSRVXBHXT5FBZA,1790489971
TK37ULVRAW2OTWX3JK2CREK5NOJBT4BSWRPRZW2BA7I4FTVKPBO2HBWEQE,OZ65CKD2U75FKKLCR32NPCUKCMYMATJ6CGPFONRRZZJ5ZZ6WSFEQ,1778722371
EF4A6CXL6TILL4WB33NSP6UYNA2IZEZ76UWEV26LHQNQIXLJCKLL3LLLLA,CJ37KBZ5XI3YCHXMUTSNY4QNAJNMDMN27PRDQXFVFXCZ7MA6NURA,10000000
LQZDAUKAOVIYYGNG6VZQLI2PAAUVPMPP4TQ4EHZSALKWPE355ES3REXN4U,GT4QNA4JLDT2MC56XMLP2VDZ5PJXS74XAJNXK4AFRIHTQ5XQF4JQ,235586799
23GAHCMW7BUOBGQK4K2KDVAHMWL6F3VD3E7JCRBHH522YNE4Z7R4G4WZDI,P7B3YNNNUQTQJAXT6BLRLWELVBOH56WYSSCZABAAMX7ZWOWTODNQ,11686000
52CBRQG7DE5FQJ546TJVTCXQJV43M2TGT67WW6N4JYD5Y3A7YZOL5ZJM7I,5JFUM2DKGGY4WC4JH2ULTQH33W77QWLV7QDDNQCEJA2P24UQYIDA,1511243461
MCCTYVSTDXAGNCBJ6BTLPMU3GCPVIKZEO3A5LV6S5EWJ7HY5PX3N5DCHRE,22M572YPEEO6R3XDMDKTSQT6USEK5AIW3OAE2DQRONQVSTDSZXGQ,4816083
BAUGWAVHUOP5IULEL5FAP2XP3T32HX2ZOWLADS2EBG7ZKTPRU66KWIFVTY,DHDZLF2WKAJT74B2CN5XJT7VSXIVJUFQUGD6CBDCLCXGIYHPLJ4A,204520216
5JOWDCA7IUHEZFYVJRQXLLTSUYSJRM2CMBPQH3F3YNZXGHLAQ7MC3KGAXM,4IYUUGLBZIFZLNBZUCJCCDZRCYCZV6DSRPX4LDJJWGFPB6ISJM2Q,1000000000
DPJTDLRY6AF7WSN3RR445WNKN4PB7EHBTVDSIH7GDRIHHBRNCE3GS7EHC4,24JP4WKY7XAUZMZ2CFYDCPDKHFFRPFYMFAXB4EGSBQIUMTSZQDJQ,9961780
Q4MGW2MSNF3GFYXKY7AMY2DVIEPVWGVROY7SXBDJQ5PPYU6HONAZMQNOVM,2CSI6Q3HFR6HLJKMICGPBS7MOXKKUUZW5FO5YGJD3YM6TZOJZ65A,24000000000
EDKXD2BHYLS23NDLRLGBTSSWKQZQKZNWEY22JTS7GK7JELGA7W62MD3ZE4,VM673POAXZXLLXIBSPZFWOZGIX36FSAM4GDOVDVGCVOLZ7RYMZMQ,600000000
WUKQO4DTBRHQKJWUTNKUXHINBYTT6QQMXNAWPM65L65XCC5HL5M2QX3GMU,TYQDJQLLLUGL25J4XEEGNOOQOUNTXCON66CNHNDMSKQJARICRAPQ,8838003527
GYZSN3ZOKSX3ONTBU36SXSF6U3GB4XD7H6YBSXQUT2JOCXEW2XOGR6ZOIA,UFS2SYRDCUCS7MIX6HRUK4BSHALJWC54HKL4WZ2IBE3V27L7Q5OQ,1100000000
73VQBRDXMB46KEP2S6UWEHR6X5QKE3RMJAVZ4LWKMP3LQH2JMGH32XSVDU,NU67ZHBJLOQHZ2BXKNNHELNMTOYCPATJJ3BQTIIRYMHECOSKORSQ,17789029
JLLNWLKERH2QN6AUIYO7USKS5LK6JBR7PBYO3LCYV24DR4ZITOFRJL5HHI,AAVZEWJIQDDOPA4GMSRTFCCKWAIQGQK4CY345COGVY6QKJQMVRYA,11005809
P6MZ2ZSCWUXCGFQ6VFDIEXQKGA2G53GARNVTIUR3BG5TVK3GVYCW46WGQU,DVJP3XRZWHZO5A6BRF2RAWS23U5WEZPHHMASNWLXZNZ5XBTOCSJA,10938175096
RRXQCBNFYRQNDNKPVJJLYKBOTMBRZEDPC34MV4W52ZBUL3KCZ22OVTJGI4,HCDLOI56YVAWI5CIXT5KCEBQG5QT2YCUQMLVFCAADXSNHG5M36GQ,149471522991
PROP4HOFMTB6OA6M4MFDPPGMTRWEPQYDRCBHGMCZW7SBW5XPQL4XII7LGA,2KXTZ5QDWB2FN2XTGPLRDTNAB4MGALLN6WLV7AUYLUBA3PY7Z22A,2000000000
NKW4LHOMSUSIC7RCBF3KHYUSIPRE25FEKI65ELYUASUWNTGFVY3DEVGRQI,OOA5ZE3ES22OGYG3CYWXOK62CV56HXWZR6OGYEXKKK2FZMLY7UVA,9547196238
4WDEPXAT2NEPBACLUJBGWMW3PKH66MAN7WG4IZAXV4QUF7PXJYTXDHIZLA,VXDZ2PX5RHKTYOPGVPPEUVBX2HABQC2HPIAAUTRUQU4ZYTJGX2NA,25911384
LOGWKGZGLMYD627HIVUNKMQBOFBTMLJNNOXGLIDSL47Q3H6LGWCSH6RFRM,HS7F3JBEGI2IQXTYGFTLZ7WATYHFKLTYKSMYHJPQRPU7TEJCXZ6Q,2538166140
SJIIAXYZJKWUTXXUQ32Y7PTFRQCRKQBTUTMIDWFFCAHMB2SHXSP6IOZDHI,7GSZ2ZJCDOJ4W3JCFGAXVSZVHMBJ6VTUOLEPNS3F6ES3MCSZC7TA,131217379171
62FNU7YX7QX7QO3SXNPBRO7APWCKQGTBNVKOUTSRDCOF2HM47L54HOJNQM,XL5AEC4CZNJ22WR55RGUOFP3GAS77VI2NO7VIE6VJRPIIZAVK4ZQ,10716539846
YQ4RY6PIM7ZREOJULM7BZPZ2GPHXEGGFNLXWWP6XF3OQ7CSZV5CPH3BP4A,B6SQLWSTIQGND74WYKI3VLWKT4BF56HFPRWYZ42CETAKVP6QI7GQ,30050000000
UEKNFOH4W4Z5G6U5ESVIWHP6JEFZR2IEOV6Y4G5HXES5K3KTZ4UMWHKYDQ,N36C6A6VCHSVJ7RWRNDCMGXDXP4X4JZVPMXWDH2PJSMP5SC2AO4A,89710261
EBLCITI7WG4AYAOTSSD4CJZMHIRENJBRGGMEJOWNAMUIASGYTPSCWKCR4M,E6ETQVGNNB6BGGSDGGEU6ZUXAZDU7MEVQGCW6M5KCIW4ZNKR3A2A,4335000000
VI4YNTXOBQ2R7LJ4MUSNS7LWTPH4DTRQGZ3R45J4CMF6SGYSQK5BYOKOYY,IBEHUIGKKXZF7X65JU67ZNA333ATPWE4KVQD5RD3XMKC4C3T7PDQ,5626886627
533PUJTK4IJBXJMDSHX7HGZ7N7543AWGHYYTZHPPHLDPZDWRR5VYK33WCA,QNKG44KSUUL3PGLJ6EAPAN4LCQXYFWDECEYHQOXFQAZP6OIZCNIA,3954075919
DPSDCMAH6Z4GXXQOFNJAFJEOT6PNRZDO4R5N7WKJD5FH77EKEPTICH4FCQ,R35VGMNLL3B4PYJMUTRKZMJMT5G3WTY6U374U52YYKAWAJSYTVPQ,300000000
7GPYB5UODXQK5EWXZRMMRLHUMDPBP47IDLU7FWJG3MHKGT2HCD2BOMR5JE,ATUPVAIJW2SMOXLI7YDCZ5OOW6F5HGU2TGCHGH4G5Q7Y6QUYDJ4A,20000000
XVJFBCTT5LHQHOP3SRCA2UWNPFBFLCNAFC4D2XTT353SJTG2IPAEEE45CA,SOVHMLJOYJTNIRXV3DEMM2SCEUNEXFFFP6TQK7NWAGE25FR744YA,57940425
6BKSR66UKENPTIZWFRUHANQNBZ2ITSNX2BDOP4CVU2JOVT7RU7YKSVSYVU,ZPOWTTE2L7IU6SA2QZU4LSMQZ4EU7IM5FCMXTNY34VCFIVBGGEBQ,30000000000
D3S2KFA523DVEMHV74YPOIOQMSVKLN4ND6DXJ7VOASNQK2BROA5D4EUCAI,7PAVVPMHF3VAV7LMNKHPAS42WYAID3VYVUYL5JUAPX3KPISQNVXA,110533248
SENJQIU637SINW2QRZHYABKHDNGEUZAIM7GFY7BIG37U7CEY52WXDBAZAU,GOYCS333POGF7EWBYLZGZYMGJ74QV64POFFSUA3C5D4DEWKOSI3Q,1095507532
2SR5XETMEWDB2AYG624HKXZZ42BXX4NA2F7B7XE44PLWBEV4436Q3B63M4,KUBA347INF53OCBB7W2IYOEJXCFSNRSI7ATLESAR7IS5WOHQRNVQ,2809636545
B7W6AMTLOVSADVATQ4NCPDYC3KEBXH7PKUW35IW27TJO7UHL3JGA5DWT5Q,HFWZUISWR2GE3WKKKZP6J56XRR275AUJRRXXNP3HX7T2Q6QSSLGA,1430298319
CHMP44CAUGU7DUKKTWA65MTR6CJDHQRWDYODHA2CJ4XMOWEBFGXKPJXH7Q,IN7XS7IWJWDH7SEOW5LAULDM7JETNJWAU4ZT7T6LE5BT2LGGUM4Q,370000000000
DAI5ZIDAEFYP4NKJ2ZWE3O5BRDKTYLZDHLLJOXJL5AYZZY52JYQWMGD7GQ,OY7S6O7Q3HQQ5LVMNQR33Q4FJCD3OK4KPC2JPNXT5VUBJOOG6GFQ,9529605151
3CSPUMWDWDOJO7OBOSYCBLCEE3N3OB6OGSPIXWAWS4QVK2CJPP622UN5O4,UXGEUMJUU44ULJO3JKVYAN6UHMJLOL5RJZOMX7EUX7OUFFBOJTHQ,9748865
C3LYC4L24DRCVP3INS2RMN7KPC3NYZ5KCSTRHZTYTLAIDO3IY5Y3GVXUEE,6QWFHBAZGZLKJCRGEPZFUYTYUZWHQYBDSDQJBFIWNR3U24C7FXTA,768343740
HBYWRFEG2FWETXPPUN3AXCJ4WJ4BMFQDAWTAVZJHKNSY6KYM4GOB7CVCOM,LJLB6HRL7TJR6HQNK3J7WB7VYWZ52C5MYAEIDBMCH4IDKOM6JQ3Q,2279006347
RHA55UW5KBNK4HM53TELRE5N2EYO5UMQCNJMLETG7EQWVRT7WK5O3FNGNA,ZRZCHUURTLL5SZFELKE55VQX4RDZZ2NRM5F665CVU32DCFQDRTOA,15758954987
KWUFR25APTE4XZF3H5FACF3JPBORIR4MKF7T7EUV6HSWGOXZUJ5DNSDOFU,XKJJ6QW4R653BCIB6SCUOEMOATEO2BSVS5AJ47HPRD2JI3CA7CBQ,720309122
WB3HAXBUZ3HNZLJ3ASHCLDDQB2NCEYN5N6IBCT32UEQ6WD6DFS5Q7UM4UU,6II7B2JSN5OW2OXPYI4M23WPEZNOLRY2AROIOJWWREYRCKSD2GGA,44910000000
M7I4NOKQFENEQCWEM52DA6IDF75X4UMO57Q6TBWMBEK7UKON4O5RR2PGUM,SLGUKKV24GZY7GX57X4YILKSIJ55IJ7RYCZXKE7GLAGQOBD7BPRQ,10000000000
JSRPHFF6M2ZYDDWEIGIW6ZCPWHORYBFZOXV7XKRFTOQQP7MITOAUAUEP3Y,3URXYIUGRDKGGCQNCQ6CDDIRANK2ROUGUSAKQAAOHQJHR7NHROUQ,1181000000
U2UVDW6NMZGP2W3XFEBGYDL2OQYZURVCHEITDBPFWAQNCBVV6K5XPSVKCM,CYR5IK2X3WPAFYYP6PHISXFNYO6S4WQZLUNB2LFPYZKWIUTJG65A,200000000
5BRD4YW43YMCNO6LW3YJHWNBDKSZM7E5QOLIA4ZYOSHB2L4K7CGLTWX574,55B6FDN7WW2W4CSZJ4V3R7NN5ST2QH4VEVNSX72XU34NCVJDGKWQ,31932873
TP3ICYGI3BZUEZGRN6Y7SWGQGEAMAGEWFDZKW57BH4WKMJNAARAMRWR3XA,ZHKVF5YJGAFA3EIY3VINT4ZLS3TGGQ33ZQ4JGUPRWJLWXLES3KPQ,1000000
HSAYYO7FBG2GD6IFAWPL3VXT54I366H5K36WWCR3ZMABO6LIOGIBN23J2E,MWBV366OUAZU5T5SUK22YNUKP3VEBC664XS5SVA54LOHCZ4EEWCA,6573671
RVP6A4II6CIVHDXEGJI3FJSF5JQJNBTYJW25Q7UHPJWKAU3XTGDGGBVDVM,Z7VV7K5JYK5OVAQVREOVPK53AJS3RA2XLVKWRW5WGUBM64HXZ7IQ,170000000
QSJXL62YIJRJBCGPPCMV275KGNY5QGIEYTR7WTEEBGCHPW3QOP7NFG3OIQ,XAKXYC3VYFB5KLF2IGJ76DNANGRAPRG2SXDBQGNHQSYSQ7MYQLVA,862202076
ZOAYEI5TD7OPGV2K63L2TSR6NGWX4UX5S5LR4FUQWGDTSP7JZZ3V6RMDCY,4JJAYJUTWDVX3IMWXVRV44BEXHTKM5G6MYKIBNGP6U2MTCAUPFGQ,1000000
35VFGBNYEB6RVDRGWL4YQSF6LVIHKVIVT5XRIJF2IAICWIZ62AAWR63UIY,QPJPCWNJHBK6EV3GHYYHDZQ7TTA5MYL6DOBMMB7I2LVXJBPGH5HA,1000000
QVU32AY5KOSYOWROHW2N24KHRAPNZPIGHY745L56E723MT7OERBJYT5FDA,ILB4DQEMM6O4RW5N5QSDZMQMH2LDJXOC75MXC4YCRK7V4FDAKJXQ,5700000000
JMMZ27STTNWOFYRVQ2V2YK5G2OOH3TVQQPNWFOWRB6M33U5NUQTIZ762JA,W6BSFCXNAS6WZ4E44P7ZYCJQM5B7BWLQUUBEPDEO2XOBLTVCKVBQ,100000
YY6ONTUVY3GC4PJJEC3LCAR3IL6U57Q4WSJKMYB767LTUY5K5UQ3LKB2GE,3BMCWBRE7VQFRP6J7KGIHJ2GDR7QPZ2KI3LUHD7EK26N2G4X7OXA,1878689334
YRJZFCMNZDEJWHJNR62KDVSDYWLE6DC3Q4EGCOTQMNXJTWTWFUNP7Y3PCU,H6RZIKXQRCGQXAUAZEOFXXAIKZP3743RLG73BOOFYKJTW2ATOOCA,1121303008
LLS67GUL4UO2N4P5PFWXREIFQP6GUYOYEJGXPQXNYZMDWKU4565BQA4RQE,NILM6ZQ2QZYB3GZXSG2W7DUHZ6MZCXLXIDRHE57ACQ2PGMGYZ6UA,131000000000
33MEVHFHB2MEDCRIPLIT6C5CFQ2JZ2NJ56R5DWFOZZ66UU2HEPUVS6GKHY,XBHMJJRWNPO3C7EFMUOFRJLDX5BSUSNQTVMAQUMRWE5QHIQ6BCNA,14967402
6KFWNJNM5LZXWGSBMGHKUUF23T4GKV3Q2PINWWK2EZWUEDFRTLZOM3JEXM,B652V4JPFXV2MP2ATW7ZSEUY643J7DCMVRDUU5G36GHSZLH7QJ7Q,5876992149
OFHUMVKHGD3TFYP2NYDYNE3CD5VLVNB4OTUTMQBHMK34LHKVQGPYZRCCKY,F3ZP6D6JUI5BABCPLEX3HS4FIGACI73N6C37PODOS3P2O522KLMA,3528754732
ZBIH6N7Y5NB7CBDAVLGBJNZ454CHN6IEE3OXFB5YS4DSC47ECLBMU6PTTI,TIZGX63XYWVU4PB2OXAOVZM6IAUCKI6DTYQEMXTHURFPIZYDZELA,2452912160
VDLI2KVI3E3Y3HARHHV2UQFN5B5ZVOWLUAHEDNH7YGHK2MXJVM5CZIAOAI,KYADBWNXHVJCR5UJTLO7EBDUK7S2QMRPNQG4V3GDO75WRRBATUUQ,3850670
76BQB2VABE2LG2X5GEJ2D42JOU5GFRVVESHCMIK6JYSDY4PXXAXDL7JJ5I,2GL2Q7VFH6HTIWLXX3IEUSAGX54CWVK2O3XCE76R7HHSJTU66HMQ,3100000
FSCC6FBTVAUVT4MJCP25MADJ6XT7FE2BBSHC2PQ46JR3VOEU6C5MWLAY6Q,4LLNLLLP7AMP3RGWAJFUKR3GGT7WOALGG2LXY6QLFOL3I3EHLZDA,3274746469
YY4ER6TP3T5HKHKSLJSNGOFN6ZSDSXK4TX57QKLRDQ4V735H6YYSAPZVOA,EUYEYKHVLVQ7OC527S3JETFWU7XKWVUW2PZMEJ26ENH6QDBGPZQA,5000000
DGJICECSAGF3LUPONS6ZZ7V4OJET5X6YHYLZQIFLX55J5BDNU6DUV4YO7I,BQQCX3FLQQXJBRBPYKPCPKXB2M5Z44PGTJFQPOZHGCV5UKKSS3DQ,3000000
WQRK6FB67HEYSNANFWTFR3M3JO6TNN74GRHVDFXGU6JDFI2USXASOT5EX4,O73DTEWE6G7N6MAPGU2URLU7QXMF7TW35A3C6L423AFOPMSOJQ7Q,1510000
753CPVUBEE7HBYR6VWXRSQRXCYO2LC7JPU2CDPV675NO4X2G7E667K43MY,6LMZWBQN4YNDC6ULPZIHXDLZZRAMZN7IT7DVCCM3ZVHR5TT6SAFQ,2100000
3LZBBEEXQRMZNYBOAOZ7CUN3UQY3JVO36OLHKURMEXOXA3NKBTQJWNOQJE,CCGD4FRAZ625T7RYQZ34CBKFPAOPVHD3K4EC5QNZDEPURZGEWFDA,1100000
6RS7DDTKK6726UJ5RTCPPNHTAORSC2IUX6HKYE3ZZEUMEZKMK6QOYJSIKY,Z7ZFOZ2N42NFZKSENXP47YVZNBASPPZMMPTA6V3J3ADZMZYMTCUQ,2200000
TNHCFMYVEDRFSEUSQM6GDTRY5YD3ZBFV6KIQB6FJGRTDMGFNB6S3EEJ2NU,ISBQHSFDGBUU35N74UHTNS6PFBOSS6GFQUU26XHLOT72X737ZJKA,2100000
4ZLQRB4DEQUPQIXDX7X6GAZ6TCJAQFLQCAGSGVL2PKIZTWZKVYN5KE7VSM,DAPZJZPL67QUGC5WEBSCGUB2L7S6QF5OYYZMFSLX7PBQUA7UFWHA,3100000
XDCNEUB5BZWTIATB4GIX4ZEI744TEYN4AWKURO64GJ7HKP2OCOU2L7ROX4,KWPI3YDOA7MTXKK55KP2JPFSOSWCBYIQ3KHH5UFNIJ2T4AFQB2PA,2100000
WNABJOF3KHRWFJJE3OF4WJMO5FX2LOWSPHRTECNQDBOBDHVNMVEYK3YFWI,UE5GUS2JEAO25NSQVPWSB4SRDHTFCVX7YWS4EQZORQ7HR4MEFFOQ,1100000
A7B6UHDBJNGTYNP5V6T4ZFTRRQ2EOH5LF3YR6LHETO2NNJGRCYLZQZHEFM,JKBTACQB4JF7P72TAVZ7XJUVJ55UNFSSYKX7KKCAY474SUYORQPA,10510000
2INVG2KWKMR6FF2M5MXPTRFBJTRM4AI7EMHL7MCAI433P6KXJFQRT2FK64,YNWLXB2UP5MMRBCHF6UXP4JLOG2GTDTBNZJ6EBA6GRLYCSF7VBYA,1251303
EHEAYMHJG2KGVHSNZC4TMR5HMIKKJBNCJLDJVL4ZFIGBCLFFE3NVC73U7Q,HXGNC7EBOZZWUYITOLPDNDPRB2PQDLJK53LCKB6GMWV4WTMZZ2FA,12177046699
3FMQV3O52I74Y5XJI4DUKRTIAGYEFUCSJCIN6TJMURIDBVJ3TRCFRX6WOQ,5C5X3AJ5NOFU5WL2UHH7FDN67I5YS53442WZDECVUJIT3NW2WULQ,11620000
7OYWEXJRFP3STPNWJQ2NMLFBVLZQZPG4HMZNBS75F2I57FBZJLUH3KURMU,IHYF43BPBTOSHZRXABWJDIMZ2DU7SHCO5FBGCGQJFHDPZ5FZP7UQ,2807540920
3BXUJ4BODAVM5Y447OXXI2K2CQ43XZQUOCB4Y7YMRFJ5LC2DUHWK5FXXP4,RSCDSUXURFMNEKFLBGAHZ3Q563SPIMUM7U6GV24VAOKWX5EEAEQQ,2624722
ZUIVQHSASDVZYNWCID4NISKQ4ZLQH3LNWMWBRJWQCSNPLSFJXZ4GLCPCPU,CGWD2T72IHFVOSTKC67PAYTP5M4IZOK7VQUHLCU64YLHUPIRBYKA,4000000
T3DTITQYMOPPPGL5GLH7NPUI3D4AYRXU3AIRIVIVNL4FEUEAQ5IWWVJDPI,3SMFNIFIN2AOK5PRZBVMJ5OFBZK2WCBYPAU3CIAPATD57VPMIFAA,2066000
NOZAHMYJACUALP2QH7L6OIYMATH6ZKG722WEWVVA6WBULAF5LWLTKIEAWQ,B5EDWB6HYFMEV5RHYV44URPSGRDHF6SX5BWXTVM5XPBRVORBNOHA,11880000
HTSWIGR3Y76CUFN2HATKETABEV43JIJYN3ADTAGSR7ZPQIPVAX7Z5ZPCR4,CGCVDTA4C6RSQRREPT2J2VDX3VRQWUWYKF3NUHG34FFD2NTRSDLA,2582306
6OTYAIMCZ6DLBXMOOYD7P3AQGWP5IKDVJOHMJWKGUUQXYCZTTZOMKDH4WA,IMGSNU3HEUUFB4J672HQXESVG4TW7LVRYR6UTPRZQT2CL2AVKRJQ,69000000
L67QSK7BCZ7OI6XO2DB2ANW4PYPGA7DUMLI64QX5N54XNQXUFPVGQXSHZI,H7ZRB4TOXFHRYQ427QWSYQ5GNJOOSEV3JW4IJTJ2NITWYW3VXQCQ,38285665
2ND65BXUVSCKFSTIBDKDWXHOKTS7Y4PO4I5AIPBQXS2OOXZ2QVPLOHQPR4,LM2QMQETV55CEBLLUZCCWIJWCUGLLEWSA4TDJITUMTNW2U7LVZ2Q,2057767433
NBG4SM3QR6QV4L3T6VXJ2NC6NNSPYEB4VNGIUSJJPBEGJTBDDNZQSZWBZU,LW3ZQGLBYSGGE6A4EOTJ4OZMY552S2NZ6UITP2EHXXPMWXHNVKEQ,1308070258
P3KAOUMICH4R62FCYR32DKNBSO6HEMPKY2O3BSSFDPRBII2UWLBMLLNNTM,OW5INTFQZDMXSENEENROFKD5EFFE6IAI6U6FNYG54UQVGPYDL5AQ,5000000
TZUHHWVFWX7VBDFZGSJ6FTZSDLCBZWYFJSFI5GPL3FV52FYZ5WV6OG37MY,U5VUBEB4PVOG43AXJHJX52CCPP254NBOGSP7UWB2FJACZE3L4SQQ,18810000
FM5VSK2RJMV54NVTMYVAMZKCQGR5MU5JV6JLZSHDGNB5VSRO246KWTRJKI,5JW26ONQLNFBPGVNYTKLNRHYLCUI6ITH3CXJYQQJQEKHMEA747YQ,1834644
7QBMKG4W3JH6UL6SEQTXQPIZGFM3TGO2URB5PSM4C4L3PIXT3KDFMBPCGI,CKGOK236O25GUZ5HA5S6IO42LOQ7F6Z3WKNIPCTPSD4WRRDMZMRA,3435000000
5QO7R3MHQ5ZV2HBNBIIQUGLOQ5USIBXPRTEKYFTZCYPTUBDIEDYRBCQV24,SFXXBWYG5Y5W5QZRXUBXSNITT5J7DVDVGXDWQDPLIGTN46TDP6OQ,51460196207
PMVFGG5HFFNTJO7KZ2QSAZMQDQAO2HI3H4PGJP2KHI4UN7ZGRLXO63DPFQ,UM46F6UVENQ3C4XHY3ZT2MGTBHQW23FIDE5Q53X25676GALX72UA,13531000000
7U2RR2HPYZJN6KW65E6Z42JEHSOPGEUZZ35KHQ63QEXNU4RPNLPGL7KVQU,ITGOUCN6SROBKNEMFUDNXSLAQJW4MPTY2UWVFE45356MVRPJFDQQ,5000000000
TXEXINGQYXB6LZYBHZMKF5DCHGAQYAFBANXHICT3DS573GOQVHNUPUGRDU,ICOOAZFHCJILHMXO72PMJFLQPBXT3NNDAVO2YFUC7XKOPXOVFU4A,2331473573
RLCVHC36GSGYQK5RENOLGVNNU3B7HWTGGXWVCCXUQZBD5NCCNMTQL3BLQI,FMQ2HZMTSCUZHT3P4PEX755PGRPNPGFHRA4LG2C4NIR65UGNJI7A,6628788266
Q66BWVUP5KKHWZP6AMSXOXW7KMVUBYSIIEOHHJWPX472EG7YA4ZXUPRDHU,BTT342FRVM4HAWKULYHUTVFT7QXYAD7EQ7N7H2E6TAG63XBCE5KA,2000000000
GFAEXJCGGXJ6J52HRNUXZ3PWZGO6PLV22F3T3XIUYMMR4GEKJMNILZUUYQ,5C22XVCKOLYGZY6IEVCHDAQZL2V36KHKIXKFO6BLYTSE42AYKYDQ,542082327512
QBCO27TPLVMK4O6WSKR4DL3Z4LSWL2AHUUKVN7SLN6AW7NAYW7APIPKQKE,6RJ52DPJ3YOBOH2VTAQKTGYLBFWWZHX74KW6HAPLKPWT6YZUBFDQ,1001300371
57RWDDBHJY5RV5YRXYJ3A5OWSGYQ5MIDSFB3NQPDG7UGJ4TP66CD633UP4,P6EYIRTWWFZIQT3WQYMNPR3SBHNPESWC2FR5GJHOP2XAE4UWHTHA,2317112698
CFQ5PRSJWV3UD7LAG4II73QHWDPC7KNFB7SVYCE6XZB6VHNIXJAVHAHJAQ,FXHUQRWHFAJ6HQYQZ4OL5XXKUDWXMFIHB6DYCN3ROIRQP53QECLQ,5589358061
RKGXVYOYDSWDRDQOHHJKM3OGARLVUKIQGE4AYTSY44ZAIGNRP7OTMOTHFE,L3NQWDYWKD37WKZWDY5REGLJSJESUPOQJUERRZOWM6HIQ3KKF62Q,406168
AUSHAQBZH2DCQWLEP56WYQF54L6GPDEFVNSAKA7HRUSUVOWMSVT63L7LBA,EPKXP275JCZBEJTTLKUBF62HBRCMI4RVORYPYSHKJ5OABQDHWMEA,18020000000
MTCY56AOBZGQOXTNLZ4VAK7L5EYM6IZD4JIV6CV373JXNKDLDJGVBF73FU,AORSCY5TU67ZDXBMKLF2O3N2UQ3V4IDU5Y6NIYHPNFPDLOV3JG7A,1444773627
CR654YE545E4CZD3X2SMHNM3SKSGOPSD4WKDQWEPHGSBU53536S3QBZUJI,3MB5VILBHIYUIQHV3O5P36A57WRHPJJOLVIQTYWKSQM3KYTWQEJQ,2448786347
ZYJ7AZB2EHOABJM5NIP67NIO2BTVDBJQQ3TJMBAYL32GNHHHJOLZHOJUVM,PSCLBU2I6M7ETZ6BMT7P5W3EOVGLV77BQKMYDJN6M6N3FRXRE2PQ,454370117
ANDHE2655ASTGJMUK5LBTMHMWN6VJTEYZGGBK46CDYIQLXKSTMB3T6I5D4,AAFJ3TQGOWIKY3LBMEMOUDFHCRAAEFNJ5DHN55CU4GYCLRNIOF3Q,5679362287
2A5PAWCDUUNAV6KRUPQ7OMQG5OZLJQNXWD3A35P5D6FLMXZQCQTPYKKXGE,4YJCFHVLTLF3NDMHSOEGFMHHF26WJYCD7HTZOJB2ZJHCUCX3Z4SQ,888522940
G46OAKDHHJIBB4AGVZZZ6CBVNUTXYBXO2CNYACT3J6MILJPREQ4YGBBMCE,4SJP6DXLSVQOPU2NMW5LRQVMBPNSLJFPR3OKWYWWCJ3RGKU4ZQYA,70675864016
IVT5JMENS3VLTQATZTUL673T3PYFOWH5MIUJMGO2YYPZMUQZOAOLGUX23Q,VMXXOQ34ZDPWD5EPY25UHIQMNSJ4D72ZN3PMXA7N7UMYMB5EXR3Q,1088569114
GA7JBQCR5O6HCFK3ADSFHMWVMSPK23JQKDTPNKPLBYZEEBNI4L25OAG4AE,M242226HV2O5MALOMXR4ACR7TXIQ2RWU52Q2TJNDYCRWTLUL5CNA,10000000
NOKXOTB64CBRTN53VITW24S2IUSPMLSI477WSY7XGDGPFCXDUY73WCP3OE,23ZWOD6X67Y5VQL46ZTZMQ7LWXFPIGUF7M77EYKXQGK2PZFLT3LA,1060509341
OW5YMCPHVB2TZUGQOCWFP4VEGGDCXCV3TFLMCCNE44OSPZ2KQSNZB3QTWM,PMEBRPKAWB66TARQPPH62XCP2Z5NZT55NL6SZPPDCSVCTNYK6QNA,1617000000
PQZJGJNU6R57GVTKQVFHAAPNT5JBUZHO4N4HJ3JCHHYTWEES3PJHLEZL3I,JOGWQLLJKUQPD77OU5ZW75JJINFCSIPY5WNISV2YU3L3GROFP2HQ,6800000000
DUAZGFEV2XXGFE5EC35C6UQ2TH3DLEGYQIZNXFN63E2KGHKSVGSOTWKZ4M,Y4JJ7OOEMVYTZ5FZ6AZEN4DEIZOT5UFOMPRBUKN3IPOZ3VJFJSHA,40000000000
IP47XEKGUGVBJA4MHDFOMXIGMSZJ3K6TCPA5ZMKRACKZYC7BJOUUFEHZ3U,N2BKKQSZRTPWB7CJZG2CWBOTW7CI4MU2T2VIICYBDKXZE2ZPTX6A,2000000
KMQCP3RRZLT2ZCF5WZ2ODFFJGDJRDZYR7J4JLDYMSOVQQBIDA7VWOTBOYU,ODL6FJPBAXXP5PJK354ON334BRX7GSFL3FCBNLOBSYEHJT2QKR4A,287418592
OFSBW2OIN6PW3UYAZFNCCABZ6FSZ2WXRYVGYPGEHACDKR347PVQLWVPOEU,ST4UB4RSW7FHFGA2QQNYTTNM54GTYB7NRAKZTIWNX3Z7J3PEMEAA,358777927
NC3RNN6CERH2WK3BPZG4EZTKYIZABKOFIJVLY2UKRSL7F4ZKGISUVKIRSA,OKURELZ5HAAFK67T6AWMS3CACDQNCIE6RFTFWGXYTNVLYQBW4F4Q,1000000
DNAIQ5GHIZWXQFI3VNAPLPYHWZD5VWBCKVC6BNQ2T3HHSMD3JH4CPWUXAA,R3Q3BCA7LBRTID67L5NNK2JW7X3HWRJ2IJHPONB2C4AFHM7T345Q,2000000
26GYZWRAL2WAM3MTFEGIKV2636XMV373WA4EAKS37D56Y4344Z6A2KMQVI,QMNTX6TJ7MOOE6LAIDQAW4PXRXIO3KHC47X6IOA2VCJUYOOLKS4A,10855000000
HI5XTN37NXEWAWPX2TBGGTC4UHVI4D6CAQQ3W3RRBE5KL34O5TUSL7LL3U,6G23WQDZ2POZESA63VZIIXPI2PZOITO6TQRWIQTQFY45NAFLP4DA,100000
KJES7WMWGWXNMOVS2WPXCWSNOERANMSMYHBJ3G7WCZ2WKHZJW6DPXOLYII,5DI7XKZTXKA4S7SS5QAQHBLO6W4DXZ33QUV2YLYTNHUMGUZWXSLA,5488918
4NETL6H6ARUAARSMG35VHUTPPDQHMBOMXJZRCP4CYOLUAAAAPCAGVEPFCM,6GMU53O3SFGUJDYHBGABIERBYCHNK4LLVE4KEFOKJFD6P662GUDQ,1000000
22YKMXCD4EDVTPXP62X3HRJJIL245EXSHSPFXM6JVWYKO2A5UPQWAULBAM,BU4OP4AYS54TVKJIYRPXCWMCU7A6IMBQ22FDSRR3MOGH3KNERD7A,800000
SPR7SEETR2WD5ISQG7MJKP773ETS43K6YXJI22MH67CXIAB2BJBZGNDC3U,B6D53BOAFU4D3L7FO4HQ3BRZ2PQBI3F7YBNITQUU2MO5YTCXUBSQ,11479000000
GN3QGYNRWPSKGLXR2V5O3FQ2MVU2WVSL3HX7DFXQEJYSAIMEXWJVREALHE,45BCVKREP4PNZJRLUEWKGRO3GGATNEWZYWVDHOTG4HHFXTD4DMJA,7432582973
C7ATWXLHWFBPY5RLGQLCF3S7YJI4YDUIUHX65ZBF4HVUH6AMTPXAENSGJY,WUEE6AGD6SNDLKUKRDBM5FWYIUEJYLVYHBZ2P57Y5O5B6NF3TLVA,1561998
LSAU6F3OWHQZHX4ZDJR7AA3WTFPIRVDPCBOSPUW3AU6ZRZXIR4URB53QHQ,Q65LW5WG54K4QXAWSMQLEUOXO6N2NGIKG73KU6KFBIDPQDFDR2YQ,386366
QKRWFDQKXB4I4JFOPWAUAAWZCISKWCOUJF6N4GJ5AC6V4I6U4KBFS62NGA,T3KIJB2IGWSXRVBXZAGXLTB5VQRGP2LJFKIANY4WFOECR52LU5VA,100000
HKNPDBLHR7GO3DVJSNGPZ4EKGW3RYFLK3OLDZCPA57LKNIKIC5CYA6YSLM,CLABWZ65UFZ3MQYEXBMUXZG2B426XB33HICADNJEI7M5Y4HHQ2PQ,42000000
BMAF2E3F7EEA2LW24KBU7CAHTUCVG6OXR6XXIFARIRUQSUAZWNBAZRVT7Q,VEZQ3NRLWPUFHD6HBOSS4CPE4N2KH7JUWMFSD7YCSYZRT3D2IEJA,283846275
NBI2BBDIJANQZVWUFIQJCSTVCX67FPWBOFKD6DBJNKBDMBSZHQTLOZ5HGI,X233GXQPHA7LC2UOIEWFX5MNBGWUYNEN7MDWYSMIJSX4QUZBHZPA,12624994611
MZRRJOZOQQQ4UMM3RJF2NQFA2D5WKXJNVFZAVT2JIRCOLTU6YS4N574MNA,DXSNUEU6FFJLKOEG3JSQWFSJYSH42FNQEFTEHOQKRPQLTCEL3VPQ,1000000
TW62V7HMC5HCAV5YELR3ZFNVWNZPAEISWXIWAEMHV6OL46YXK4NHYWSBNM,WEDDVYZEP66EELXTFUBYHGWBLGRYEUTYTDUHMG52YXSKPQACCU4Q,6800000000
HMFXKGZPY4QVADYSCLBJZRGQMV3J2GK7GHE5MHEQFUFYN2Z4CDD4DCAHDQ,DUFPFQEYBT7A6GW2EKE35SPDCDMOFKK6N7PDEM4YZN7LXLKZBUTA,775600
OCYJKKV53OA7ULCSCUTOOG4MKKST2GCDSCKMTJW4MVO6L7HJT5M57C7MPQ,AATTSS7MPPRVVDJY2K4MWW67RKD7HLOS4FXPYZSVJA4RBC2EBCVQ,25551561291
VPWNBRPM74UQLKW674NIGBNBPT7WNF7BNAZKFQAF5LBQAA6KMVKHBE4K6Y,CTE2IPIEEYRJRPIRKQSD7XH4UF7UQRLIPZTYQIVMOLLODZ4MKRHA,1050000000
LMFSX3JXGWCEL2VIO4WPAZVEV7SCN5ZWA4ULZOT3ORJYNPUXAJG36PEDCU,RHCDH4S56YSBQXLU2X666MF6NR2FLK4DNU2BHTDROD757G2IU3KA,30000000
LRMBE4NRGIZ23QH5GGY6G2EEHCCJ6WUZNFLYOM35RUBWZJDRB3OCAGLNVU,7AKFIH5LGATFAE7FNQE62S6TVSNQ24J2HBJSAXDJMUGNR5F5ISSA,833772581
AJBM5B5V2BQD7ADTEKKCOCQ5KV2PAPQEK6QY2WLUAKIXTW7QZGVI6CF3A4,ODE3Q7BAIIKBHHUGQKP5E6ACQ4N5JETYBTCRMBIVJINDPM4C4PHA,14306899316
6NN7C4USGPWKE5OJZO4X5IN3SVLFYH6P5TESEISOAFKQFHPZA7VYHBSEFE,64RBYJB52Q6VJTWSHIMLZOUD4A5QRBPGFH3FJKWP73DXAY7KBIFQ,56658718933
WKWIIKGWPUNI5DOWXEXMVJPQIB2WLZJDZQMHW6AUXBW7OSQ5Q2JJ2IYG5U,MDB2FD255UHS5QNUCM5YDICSD5LONMUV4ZOVKMIFI3VQR7BL3KDA,20060000
M2RLQWZNUCEUQYBUA6NND7PL5S4NAQ4PMG4UEHBZGGSGVFVU6ZCCLOXEAM,IY4O7664J7IPGSYMBASEEK5XZYXX2OEDN6RBNJ5NIGCYOAGBJURQ,100100853093
BIST3VNQA5BXQMTJC6ZMJVI4Z3INU43YCS3NZSL3TFK6DKRNRJ3P4QYZHQ,TE6NR3RFRCGYBYYM242EDO5D5VU6BPRDD7E2BCAOXY5DWWQRQC5A,41283761
ZY6RSVYTKW242MJIHMDZDALF72QXNMYTA3RNYZEJWSATIG3EL6W3E2PCMM,TVJI26ILMBTZU7Q3N4AV4D6OAJPQOSEPTYSKFMP7KCE4XFLJOLAA,1000000
ALQGVHV6NMCOQLZJUGVO74X6Q3DPPASV4OAYEJL7UPYS2J74ZTKHOQLLOU,K3IOJG4C5FOPT2PSFBDYBFJR7CT33Z6O5IRYVOV5SGE4NZTAYJTA,826977357
7I3LVN5SYR6HFQPWOAK7WQ3GNQINJPMBMLP2T4QXTLH2BJDOBEJHVE75HA,5HKQR3MVX3XBW6HY2TV4KXK7JOO2E23TVROPNED4B4U63LB4IROQ,1350000000
DOGLUREWG3FHTWV5TEJ4UZGHIPANLCUSU5Q24BL7I77JMLDHCDHB2ER4LM,WU72S7LZMKPYEA3OFGPENM4FA5OCUYOEOXPIAGFJAKEWK632JQPQ,32650000000
S5VX7CQG2XMSQ3BYU2SXXS4O3YTRK5F2RHC5TYZL2VGBLZGCO7NKYKYNYY,N3SAU3M7BLUPKKWUS6QLQNYBKG6YDVEX7MB6UHBKHIHAI6WM2QJQ,306000000
DO5QXM5XYMLELVHPSJSRJC2WK2QJSFMO3V2TQLZTZ5IQTODA5AD6GFPS34,IEZJH6GHXSTEKBQ4GD3PSBWTZ3WK4IU72WHANQPHMYPXLU45N72A,43150000000
UH2WBD4N3BL4XWS6YUENEABXN4QEV3ET4KSHHLVNI5GT6LB2NEUFP72Y6A,OLYBUZ57ZPDD6MDOHT47NEWUQY35Q7ZA5RHHWLVYNNY2JJ5YUN7Q,16672992816
YEE5RA2WDTYR2KNJUC7RLOBI5CU37RIYAXTG2SO4NPSFBMQ5LQNQP7BXQY,JL3TEUQSJ33KPHJMCV7XMWVEW2OXXGTDXJVL5J2CDOP2266HBAOA,7790565655
PXL4UKJLH5FHAMOPBEDP3YXCGBHXPROHCSMVDGE5UQIUIFI44CNIKXSM4Q,RH47YU3AGBGH3YU6WVEOKVR32XXHIJYQUNDNVGDTUF2G3MC3UQBQ,1171670062
CFITGZLDWEMHCBD6X6THLXCUBY5PMLXKA76BJTDJXJPUISTXPXMSRJBQTQ,JZOFXBHGYHBSMYPVB6GZGL6CTBEIQXPH2A4S74RERXZBWI6ELGNA,1437434875
NFWKKXNA7WNNPWZCJIUQRMM5SC5FLWBJG5BYGMEV5XWPECPWA77WYW2RBE,JSBAWLSTJXES2PH2DDZ2V7YDIYVFHA4KB267H6E7EOVFXG2ECOUA,2451584104
7SB6Y36QYEECZWYET4IFTBWJ65XXR74C5LY4BLCNBGAT4SZFAY4DEYYK6I,4VVEMMFGWARQCYZSEI46GXRZQHHISQVWN7TDYD2WTMWOE5OINFSQ,116476
RKTZSYL4NW72LCWVMX2VJM4GXWMX7YKJAK3MPNRW4XLBFVTATTUWBY66WY,IOBAHZVCSURDLQPSQOL3HYSAJ3H4JUT3ONQ2HIHB4S42SPSQI7KQ,206165659658
2RZVMQKQUY7YTQXEEQ6Z3FKBSQX4Z3ODY2JGCJQKAGWVLDBX4VKDRSBASU,FJRUOTVLY4MLAYYODMGRPYALEZMD3NM3MQPNCLANLFQVFYP4AJNQ,720000000
IGRA3XNETPXHMMSBAYHU25D775WHGMPDPX72TKNVBPUDGADSNADI3ROSP4,BXATQRRUMNC2RNOKBA6AHT4TXUQOO7JUNNKRWEBHJ3N3QK3QEEMA,102134652
QCUCGC275DUQ2RZ73RXB66IL7ESZPRWIXNGQIFQIZ44MGV4Y7FTQPYNN3U,DEOXTLLKEKERFWGOZD2CJISLXMGNZ2QSRO7C4IXPFGDJB2NJNJEA,2998109078
MNW54MEDP57JT67HJZUPG5VV5YUKWHPOOHY64TOOTWZ26C7KWGTSKVRPPI,SMB23UFWS33KWU5IBABEXI5YMZTVU6SVOI5YEHJYERZGRMWH6MBQ,28499048435
GGCASYIK2HISZOVDPOMDH56MDNTCGNEZZ5D33QRY6NAVDEDZIGJU74BL2U,7N4FRYZ5DRUQRGHLKHV4X4BWZMYHXAX4K7BUHSUXM7CZXOB7BNSA,55000000000
HSRIRRCFPAZI5RUDKELVCZCAMK553WK2LY4HAYRZ3PF5BIMVY5WOBBZI64,VMRXGFLS6IY7ZWLP5JTYNVZ4MGTS3HQFPYJ6DIXLHTOUZYNIWGQQ,39438308303
6FLBEAYWOBKMBMJWOQIQEYBYRLYAWSPQC4ZVFMWDSPKTG266ZUJYQRPCBI,VKNGSTYK34CTOGE53E7G6OMHBWL3OTZTNHAEEP56DNKXD5HYCQOQ,677547137
QTY2FWJH62YJ5PRK3KHBLQMSGTZ3SBEZ2FEMEKO7UFIJIMWSI3G4HTAQQY,CSNFMEFVULAF7FFNTKKNBCQC2ZRPPZWFKYRW3MAHR5QFF5W4LV7Q,246578
HPDWDU52GUD2MOPQQO7MS5IEFPGMW3XTCG47753SZGVPFY5TTMEVCALBIY,KKJSYQKZQNUHDDLNVJ3J3PM53KXXO6JTYUXGDWCLZZP7TNJOGYAA,6676944804
GYZRCMU5UACZ2AZCHOL7AZQG2KDP6Q3E6HVAF34E2A464S6PFMPMFRIDAM,7Z2VAOYJR5Z3ARANGNUHEHHZL6VIW4YKQMQF7B6IVXQ5C7ZZSPNQ,1000000
DR3X3GZ2MSHNWIDIEV2LABNRT6NGNCVQ4JBI25D2KC7G5JHRWWXTSK7Z24,5RFFZQKFZDPSWVR3RQ3HFGBXWCT76JJDGZJPZR6YBPCAIMCVYN7A,42939847
3NC2LQ544OJ5JTKBRT6464QECGTLRKTZ3D5RZ2H2L326QQREHI6XQI5YYQ,UZ3RPCKZO4S7O2I4Z3SR5W5G2Y2XN26IS2MD7BD7OWIQQ4PAOWZQ,9394116
ZXI3TQEQ3NSDRLPJMEUXIOABCHFQ7FCEYVBOPUOTT7I2LCKL5556276EFY,I6RYPWFT7LFLPFV6SNEP2FNL7S6M6HCVEM44HQMEDUUPC5BRYZWQ,1000000
U2WC7KOJ3JHXMC4DRB5GDUMFNLEE3GS3OS7MNJYZEET7YONJ2L46EHG3OQ,ZOGDNKYZY6SMJB2R6XNXPTUBSEH5B5CEZYCHKWLQX4Y3L27PCDOA,853027156
FACDCABLPUZPUZJWRHMMRVGHSIO5WWCAVNK3TBPSILWLIL7RGZ3PCEUWRU,YPCJJFQQYYSIO4BW34L2LBWWXWIVOQAKFRTSBBXQ33WGN4RFXQHQ,6468332157
T5DK6AAXSO3WCO5SG3XM5VP6IDS5RTEVSZQ2RI7MMASHDSDG73PNT3K4AA,UCVTZN3UVUJ36UGCDSHMSU2TQPSYDILKOI3AWZK7NKEDAP3PSOQQ,200000
W7ABHM3GODGCAQQ7FI5QZNRREQ5ICQ2BKCXKJKMJVXBOBUSQHVNFJP4MPM,PTHMAEWQ37WUCIQSY6APHLKAW7JQBJQZRQPMUXYBBFJ47CTXFO4A,6000000
4ZSL37GHPZ4FACLVOAHKSYUQJOBXCP6PFHSOJYFOW3EXCRVT2W5QZUWUZM,LBTL42GZ2RGQ5NBN5PFT7CX4CJQHYQK4DMQAPYVTC4ZQLL2TM6GQ,5027354793
JVJINGU7TQL2T3JSYURCLCRT3YXBO2YQFTQRUEYWYEOHL26AOZ5AQC7HDM,VTBON5VQQEKTY5W3XBJECR6T6WH7E354FRIZDFSF4MVWANPLSQWA,2008534666
E42W3PTLBDXZ4R2YDF2K75Z6ZOQA4Y7JNGZUINE7ZSKXRQ5TVL3TX7T5PU,GGFQLSPTWVMJYZB4U4R3M3MRFCLANUG7ZM5LXNGO3GDF3MNHAU5A,186199999999
VNSKKFKXTR3L7ATSNPJAWD7FHV3G25PWWGSJG2HWYLZMOMN3BCARZHWJOU,VGZMWHFMBY4CQWBSQLLHVKZQHIHFLEOYWLX4TOUMEWPYFLCXSHCQ,1863934601
ZMSH7GBZL3OYMLDWCKY3U22FWL3EH56TPSCQPEIK2GIRLVGCKQQ62EHG3Y,3UGRKDHN7XISTODQFTGZUPCHICLST4M57QQO5QME56XHML6IF6NA,14000000000
3MFSRBZYZHPWNBQT7IRDELV3CFYLRBOLPQCCLIBDH66LIQS76ISKKUUC4I,6OPTPMHYNWTB4T5PPUEKMYSZP5I4GIP6OA6CFQ42RF2CO23HSOLQ,10071628860
25H7AZY5GKY5SPZWM26YEWSVS2KLBTVBFFC3OZDZ2EUF45BAFYYAGDU6HU,WBUAT3P3TZSQW2T3LAGREP7K6JPD6OUW7RG37ZBPA63ELT3ARTYA,3088896733
RAOBTRABTNXI7G6Y35NFYALFSIXJVK6VEON3IZENVYV2MG76M6CUILDKPM,V6KDPCRDUCSF7PJKUAIVRB7MEZLGWIPSYPFP5SE7PVEQL4LXFYOA,11466989915
PGYKEWXNIVNMFLTLYB6GL6ABTUKQHUC4FQH7AHB3CMPFAKIITOKA7WC3OY,UGYFQFOMYKDY2QQDQNXDPNYFZNZANO7QDSPJDS3PAF4NKDCS5VGQ,705140275
7BSQ6AF4XEJHTRA4MRREBWL7Z54XRGHZWUJV63V3DZYZEPN6PUS6Q5D2AM,F7RUU36LDSNJSW5MFE6ECXJSHFMSAWIEBAJYLTTQKQY2VH4OLM5A,355474838
LESO5QACW2RIIMXFCOUOMAX4RZPFC55Z2JJDJNQNALEKQGXCX6DB6PQJRM,IELGFHJBVNY3SO5YH4SB6LSXH44QNSIAA3EHHNAK44UILSBXGMVA,12877281
XHSBYVMZWNFWBZFGYFDCQNTQV4LQU55NXND2G35S3DKQAVMGZFIJVPJ4BM,M2CMCC56DXNUTSQCRUE5HTMGPG2R6F2YRUWXLTNC4I7LUB4WRUFA,337000000
BZGWXWL2UZG6D3PGCCQTJWTVZEA5UIY4WD4A2I5Y65S4NX4BJNRKOXPYCA,M7CG2G72E2J72YFBX2FWLCQZ6VYVJP7AEGLMDBR3ENQKEANZVWTQ,2015156
TMHIRTLBKEL37WCAEUSOPSYNFUICJGOAIMCNSUJCCLKMIEDVLZGJB64KHM,RAZZURQSDYTHTKP3PTR6AX3D6CCKFO3LJLGAB6J4UQKFMONEQXOQ,95389855
LESEEXAXCVYOGAAR67RRIBBFXHULJHT2MJUORRSLJ5AJY6Z3CV6OV36IYU,WHABRACB636DJCIFVU7BHDTPSXMUUU5BVNTYEOOD4I2SBNZGSURA,3463000000
YRC3IA5CJWPMO5B34CX6P2TC2SN5US3FAC625S32YUZLFN6JIJRRKSYENU,FITQGZCF2BNYASGYVCQHA5BHDBA2W2HXA6NBJPKDIJEDVYQ6DNUQ,264565658
PGVIZTU3X6DHXTGTL3GMRAZ2JNULE2GPFYRCPNWRU24TQQCOEMS36AETJY,OUQLKSQK6GQAZXVXSIVXTM3ZX7IYKBCAWHDVDMQ5PXGTZYFF6SVQ,1000000
HIZ4HKZLRQ4TS6XSLZBKYICO227YMQPWWA7YWJXA6NEBP6FL6LD6AL7NWQ,WQGHKU5KVIZPRGFBUAX6ERKRU3XIPCLSQDTCVWJ3Z5PT6FHC7OYQ,19667000000
NPNCA6HOT5EPESEGM6DBECQIDOYSKIFCQNJXO2VIMOR2QYCN272OWTW2BY,4E6GX4A7N3UOHHV2DWS3O37I2HI2K2IUEOHV3QFIBJIZY2BBDHGA,1077822270
R6IRNL7AWNL57XO3V55IZM2R7XVLR2EHDLWTMYPY5WNPMRDRT5U33Y3TGE,XKWKTVKB5LGU5VF5ANMK3QHCSSTF7AY35IEZ2FZMIC33EX3KS6KQ,358469945
6E2375ERLNHMTKSWJ7BDTFFFXQO5NQR5VORCZH5OLDF4URW3DSDBJIQVSU,DTZDZXB52Q3HONI3IS5M3CXU4YXKEI7XN56LUU5NFNRKDZ4IHVCQ,500000
3RY5WFYOPG7AUFXXNZ3HASSZDFBF5S7RMKSBKV3IT2GO3L6PUBNR6F6COU,QUGVHXKYP6KILXPYAPMDCZTGCPMXJZ7MSVW6KRUPKUYF5VSEVNQA,2000000
URJNIAUPG2KZOC7C6S36V433AABQ6DTJSOEYGZHF7KV2QNANPIMKIMQA7A,MUROTSXKXCDSTEWWTXX7WLDACZNNGB4QBB3NMMAHRSEROT4ZLMPA,9000000
AEJ62I3WOTIIQ5L66PBGI4M2QL64QLGMX3IPJH4S3XBSANAOGERJIZJDWE,MU2NFBBWFENC2CF5MC4EWDL3NTT4TDCGXTDSXT4BWNWHHJXGHTHA,200000
ZSKLNIS2EAQV4WVFXYQM66RRQ2RUEDIJQMGIYQQRDJRSPZPQFHU2WDELIU,M75S54HAIL6ER7WPPWWYIN7LYZVEX4FPQDYQCNGUR254Z5LCNBTA,41706291
VJOFAAFJRHGDRM3VXZ6QHG5YD3SUIGZVKBU25I4AS4AMPOWQHZBDTBJ6M4,APRITOP234QCWFCV3UP77NTLASGNHYTKX3FLWKMRKV5WMP7MSLXA,8678533387
SMVPXLNPQXZLC2TMORQLSLAM5Z4U6E6OBKFYOUFTEQKV2XPW6MAU3RCICM,GHWXU3GXDTKK6XMURFOFQHOWRLW2TTMM4GJY3QLYP4WYZX2K4DPQ,79195580
RPCBAG5QT2TH52DLBH4FWTAMJQ4TDOV4X6PW66UEFUNRTMZ7WGZLBXRUKI,LHVF42RHHUQTTIRB6KICCEZ2TKG776X3XANZSMEHZU45WAXFMXHQ,2800000000
USR4WPSBLW5VNIGWU3GCCRGFYCAQNZJXVI6LSTDPM4S47INY6O65UPJ5MY,LE7HALCUWBYXGWMILQUKSNUSRIQDPVWMHR27SF2MRBGU2CN3PTHQ,3000541
CO4OUZASEJGCUFZIHYB3BOGV2HACFGJT5BJPX7OV2KZNXY3FSXCMXWXX7M,4KKQLCHKCMAIYRCOL73V5VLDI7F4GYXRB3AZ5SVU6F7WVOEF5VHQ,446904
HVLWHTM47HOAQ6CN23QQEXU65FAY4XTE4LSZ6PYNGGG7GQBJSCWC2UJ6RA,MG34EZFABPPSCDXHE3W5HXPKSYZFTS5QMAQKELDGXFOOYNAX5KLQ,241779819142
NTQR4Y7XSLMEDH56C45SF2NFUUJZJDT7Z5SKRHMPT3435YPDCBZN6EKOE4,RYZXGXGURULQ5VCZQZRUURBOBCVPASDDKTENLHB3JJYJMQEINTUA,319000000
U6UGQABZQVAK3LDKFGKHXKLSAIPEWEX7UHQGCM5E2K2BIOK4AILA7BQIB4,WBNKWP2FSA6T3H3HZ2LZAL24CB6A5LJJ3NC5OKT55DGD46FCPLYQ,30879905766
75BNULVXGUP7HNGZR7WSAU2ZE2U3BCJ34PFABFQL6AHCRTYAVMA4U5E2BA,65NLCWTNOM4PNIKNM2GSZNIMDXZBYWV5TJ7QXL4PRHSACQWU7SFQ,866815627
UKYUIXA6MOC3U53YU6G2XY5YEWDMOBVVMI5GIM5OX6SJ2J4HVG4TLUAJ64,D5FWKZHUP2RMRYBHHR5B2YIHMPNLQHESCF5WOPERDMVCEUJOK5ZQ,338369
SQGIR4XXHBEYTIPSEPPVCD5YD7KS7RPK7WCQ5ZEVXHNMB72T3OS2EW3WQQ,EL6UKAM3VWFH5MRTYG5Q4GRATKRZLPRUHOZFUTOSBJRT6B5F2TXQ,13037436259
EUFOGRTGI7SU6JH42U2WZDO5U26GW6U234XVK4KJXLBA5WTSPUYJ75QPTU,55BMNNHSCUQUBHVYPR3VPVBUU34ARJ7QWFK6EOAH5HD4OV3EW2QQ,5043038025
OLE2I7QVUMUBHHNQMK5HIP7FKAMHZOQCRX66XW5WY7YYAWSQGP3XUD4ZU4,W2BHPWMM2EHHUXTMFX5OUTWDTPXY7MXYDXMBQ3ZPXT6BVEOMFKIA,1700000000
IYAKYBP7WSK2NFNC3JRZLPVQE4EB2JFZL3TP42XOGDKHRNEIP2ANKY22YM,C5KCVNLMWVIDACHMW3HGUAZQAMU5SD6PRTRG4NIS7SYCEDXR4VPQ,10000000000
NECYQOWDJDVEUZFWDUXLNUSADRQX367HKGQJWTF3XSEZ2DMMCY77N7H47Y,A7JYCZQHCT2XOSUVSPLV2STO3T3W74Z72NTV3GGWDBCO7WWVHJIQ,51000000000
3RMBJG62BJIJH4SYS7H5FJYWJUCRYANXV4RREVPDGFC24BD4KTTAVRC65E,6DQKH4RNQUWL3K7BQPR7IU7DFO6NROTYCHTEQROWDPOOWDCOLAZA,5000000
JOKT7TPLHYT4CGG36GGCVGQ5OM65QB2LGLWMSG2L5QWPVCMEB4R2M23SZI,JZ4AW5LLOCCO7GYYDCFR72A5KIBBDQ2KNCCH6I5BQ3CCANTKXWUQ,11953468829
BZLEY3GUI5T3U3QIVWMN7V55QA2PVQNYHLIQ5GUEP5TRF4LODUG55YQSYM,QAASOOY5TCZMIHEXRHRULLORXEHZJFM6TT7TYARASJ5IBBZBTD3A,45766508432
DMIPUOPYSV4SXYWTFROVNGWGSNXO6T3KADDSIJLT67QFBJMPVTUKUWE36M,KN6NUXSHUOG5MSP6YSBH3HKDR4AJ3ARB3EKCY4SOOIBRTMTOEX7Q,2446717131
JTYGSFB73MMVQDBR26JNIOYK3TGQ4UOHFBVSGSDXBX4RLPP7GTVY55WXTI,RL4ZVS5SPODKDDYLMBIX2N4X4MKLLBYGQ2XJVWFZESXZOZQYVVLA,500000
PADCJD6CN6CMI56E4MM4KSM6ANTGZYRSWR7FMYUCVFXMBHMBRPNL6H42LQ,Z2UTCXNADTJTBQZY4HSLUI3F7QPWLTCL3T7HD6GTMNEHT2SERQPA,6461749978
K54OWGPL5C43AHFADMQJRGZPRJIXAJ22XPMTL53PWBEQ6Q7HYPLTJJIM3E,J64SYZ2HNCYXHMWCPSADMP6XHP3LHR3GNWP5EMBPHQAEVIMCKHFA,3100000000
6Y53L3ZMNFUUKHTCLF52P26WAAXDRXQUFHW7UET36E7W64USRG2ZCN5HYI,B4O2NJDCA2JEIGPIU7ZRYFCREJK4KGVQHVI3G7D65VYHSDBGL5QA,80000000
WQGVHZBHNZM36DHPBCGKACII7GHBPNYIFC7BK6F2VR5EA5BFZ4QHCKKOCY,CPYEGPXMFJINTDZ6GGI6EEBKB3FCK35AHCUGIDVHW4KU3Z2BEYIQ,164000000
S565FGKDFCBC6S25W2227UDZBPDV5ZZXRNETIPPV2UXZYF3NHQ3HUMBLGY,LQFEFPYM6VNDL3UJTNYJXZ4TB5JX2UGFXRDXM6KX2S2JVPQUEUPA,17169454007
XVRUWRYBT4OKCUO2X3PFDHENCUABFU7HB6P6QOHCQAZUZE3EPKPJEYVOWI,OCJORIQPBKMWJFUBZHMEQ3K7QILSXMSNL3HCTE62RQYSIPAR72IQ,5260754240
EXDMHMIKUOTWHROTOXEOP4UCZLLMY3TP5PFNIFBVBQHGQ5QNEWPHWYCAXM,7MVLH3NX4MAOJ2LUNQWO3JLVN7GTSWYQ2XGMBKQ5ELHYDLCFYBFQ,20000000000
U4OETF3472YFGBTQVFV7ROBP5A65UR572KPMF6ESWAOES2HSWF4CJXGGHQ,GL3IGWZAOMIAXJ35CO7CNZYHTAWFJIKZH4MYMZOQ2Z6KC5ASJJHQ,800000000
75G7TFOPSSZXZWXNVZZV5CEIHDLULNWVYWC4OAMNGZRYGR2UMDF77TZIGY,A5A6IJ64CCMPEBZGX7FYZVP5FTVDZ3ODFFMOUACUH2PJCNWPYJTQ,66397204963
LQH3HTVUN6YLWWOPC57MBSIIK3H6L2VQ6OS53AT7XWL5EVISAX4FLEBTPI,QKAWBVDIGAFZAYQ5BNVX3FEMK3TAXX5IKA64TGWJCJIG4PHVYKAA,33470631405
7VZUKGOOT5TANU3U5UHANJQHBDOEOIVR7AVSYLACRBTXF3NK5BXCB2XAPY,PLDKZLWQIKHDFCSWWLYAFIE3SCUNMX57INSAOEVHYQYKTYRQBDMA,156241
GFVCXHX37WHKR4YXANZSOY2I53PDICOYPDJGMU5LTV4WPZNC4RSIL5XW3Q,6J64JZXVS2MEXY2DLN2Y4XRZWWSX4FFHK6BB2VFWRBMV7BU5I7EQ,40000000000
IJTNLLMIDZ776JWXHWQ4ZUV444GT6SLT3SMHAX3X5IFOBX362SXYYI2HQ4,OUUBEZTZWIM3Z7GW5CA5TN6B4D65PECLUWNBYXZXTBM4JOY54ZPA,897435
ITBASOBVQ4XO3ZBLIFVK7TEBFUAAJLXL7E2NRFSH5LHRRVLZ3WA35NCZTU,EUT66QWP7AHBDUCRZOZFYVV6GYYQD4HN4OJ2SKVNYX4G2LRP6IUA,3990000000
EX5GCWRNPDIXMXGSAIIVZL53TAWP4JCJATQHVGHL3GRU3GU4OWCALJTMWM,JEG3CLUWJM3GYRFYAO3CGODA3IV4COW2EJM2RRIXSGO4JHHZ65QQ,400000000
7KT6OWBMOVB35X6RNCYCXLDY3NQGBMMK7H6L7MK2GD2TQ73RVWUM6TNWBY,VTNCXVLVRJEEPZMRQS7UVMVESJIDB4JMSHDBPLGPRSLP6ESOBOBQ,12513351909
HL4ACKRZYVMRXPKLW7XB2ZU46UVOE7EW47EAXHD4SZJGYT42F2WAHDD7HU,UE57OFSA6UO3TPJU4OQNF4DH4EQGQL5FLGBBLLU4QQWDIILJFKBQ,570000
LFLL27QB3GZCGP3C4OQW64PAHDHVS65TWL2L3XCUW5LRFJCPX75HXNMVXA,GNZBTNEW5J22HXEOBMZXIQYAMBDUIZILSTMJKTYAJKKSBLM2QG7A,100000000000
EQKXXBTEQSBHS4BJFS6GEADGE4MHQZKFGYFK3ZYZMZZRJK5JMWQFKFP3D4,CMUMQ3HPHJIOKM2SYKZI76M4NF76JUUPDWWBTR37GPT6MVI6USKQ,770606867
LUCF2FMH2IK2A2OZT6UWGABSI35UKAU6IUI2ZDEFBXSHO7JXPFKMXXVJSQ,JQQ62LU7S2TKM5Q24DU27QK5Y4SKTWPIQSOAFPX25C6WPBHBI4YA,14701413345
3RRFO7U7FQDXTDRNUUTQN7WOYXNLV66ZEXNXABKKLYFHA74NIF3Z2LZRY4,2L5T4IIXOJFX727XIXFCRQRVCXFYHG64RE2NEUGRAUMH4IT5URJA,16000000000
GJMYC5DHVS257C7M5FOLHAS37NAHA7YJJR3G2XZ7SZ6VDSE5L5BEU4WLUA,LT7EPN675PJ6N4BWHQZTQGNEUVOYXBBJZOYTZVMRRQNI7VPCMQVA,13115519578
HKIMYGUHI7S7N223END4HHOH45MTBIBCX2JKIMQG3MHXN7UVLLMC63RJLM,4NJUIOOCLOY2W3E3MAMML3CZ3QWBIRXADANVND3CAZZCDSUXBBXA,1978118556
KFVGYLQOFPHWQY6JDNBMHPZ4PZONKSQRUCCJFLRXEPP4QNLGIPA4J6PS6I,24ZMSSNLAORJ74ZT5WQX4PA66RKLXT25CNSYBGOI6MKECA22SWPQ,216421
YSAMRDT7M4P3Y7PYTXRJ3AML2ZWKNXKDOF5VCK7B5VHU2TKPUIAYSE54UI,ECUV2CHL2JBXTVR3KLPP3WADZGBEJ7DLOUNI55MAXO7HB6YONWQQ,16286000000
KKB7FBENDVFMMDCGTRLPCX6QB6VG2OIKV52NAUDF7ZYCHT3GRR5DL7RIV4,M7SVRJFS55QXAFSGZIHMURQJ2FG53U3WIECQV6O67PYL7QG7FFOQ,548151146
YF4E3BI4QCLIVO22WIVK2FSIUHSC7HUWIAF4AGNGMGTFY5MEWIWMWWEQ7I,YHTXADMTMHCMDCJGI3NMDD7ALUL6EBQQSPRADDM7IQ6MWVLLOSMA,1219131677
CNI6LDBGA6EY7CAJKWLUNBTF7LF5IGFRSZS6MCVNAYMYMRXGP474NMDW3A,TFPNEENPLMLDPS4YTSU5IBPJTT6E4VFZUMHNO445DDCFBCL4WKFQ,7558645997
YUG5RB6BEE63V2VIB3EGPJE4PCUUCRKBLM5VTIKWAATH5XKQ7SGYOZHIHI,IR2IMVOMRAXBURLEAVYWRBGV4C4FI5QBIFR4S3W2DCWWDGCRDM7A,2378959722
3CYN5IL64J7F5X3OLSDTKRHQFY4NICTB24WJ7WMC6VFX7UOGLGCACWSXWE,7AI4TDIEUSFXIXL2E4GTLTNTEGAJP4NEM5PPSSVI3WFXDIXXAZRA,11073446
BWZPIPTUE5JH6ASJVNOMI777BNM5ZMDMZSKS2B7H4Y2TOPAG3CMCREHO5Q,E2PCXN2P6MXBZPUU7UO2XTGMAUKZ5U3E3MUXRSEH64NV2HTV4EJQ,611993242
CENWL2SRBHZDTIJG7NMQTJA4KGJBCHCP34JWA4OPWYSVHDSUUCEEMYHLLE,XATB4SYOQQFBYWNGQYDQEPVOPTC7K4KMBJZMPOYLURCBKYQ4EQCA,48987350
WMMVTAD3P7DEQEPWZTVKENFPNJPK74PRCE35NOKDJCB7TTPX3TSSKIVR3U,HAFSMAS5R7BS5OXPYNODPGG4BGSCZM5GEGYAQ6J3LOSIWNNXYOOQ,5959925
KL4EUH6ZBWGM2SFDSOOPJ7UNGQWT67HLFWNE54KUWKIHTYS4BISCY7PK5I,M3UCRJJGYDQECAFKDHC7CDZ7ZWNRIT3Q3BG2PRRRWCEEQYRDVCAA,43477037
POXAHWTOF3FZTVQIKIX2Y4K5E2YQMOUOITDR2KQSWUAWB5CR3QP2NC7BWQ,BAGUKDANB5EE7QO6VZKDPHNQRHL2WMFSRA5SS52QTWTICZA6NJRQ,4000000
E7WN2KTRB3OINE25XJBTQWKAWLQLELGHBRQF6S3FY6AA4RYTFXEMTY3NCU,DABYTQQ6B55BPNIB52GZFTJNWQ66DKA5ZNLYA75KNO4C6PBLG2SQ,870000
AJ7WJTOLYOFHQCIXXFR5IQGVSJEYMAOQVT7JPQPSKIMFTGOIGS4IWGNRFY,R3TPEBE4FU7GMKS5HEM2MUNQIFZPJD66OSX3Z76JMAKDQ7557NJQ,564060490
2UQJ6UUGT6MWUWBEOJ3F5X4P6VHTHGUE6EWZK7EODEPLMSNPCE5J7M2CGI,OJIBNXEXPQQTYS22U2SYVAXPBJTT26WOH2WT2FDE6X4B5UWFNKVQ,1224339853
3ZIB2NQOIPC6CN3SD4XWJL6C2U3U5JCRTJVC5TGCNYYDMBY6IP4G6SAARU,5PPLVKPLPRHWCS72F4D2Y2FE6PIFC5ZUI6KJGBSHF3ZVGEHLAB2Q,510652897
5GZX2C22RL67ZPQQIFFV2YIACAOPXTLYCYV3XJ655NHKABNNBOQ7ZXIYPY,R3XJ67IPMU5USNXSSYIWKQXP4MADOGG6S62Z67VDYTZ3I6XU2W3Q,2900000000
NKB3SBXFMDB6O2S2HODTD5VROGSFBKXXJ7QTXVJTNVJIEGEZN2AVO7QEE4,6K3UV7BXTNDHFTVHQSR7NOD2EWI4RKDZTLKWUAIRJWFEE4ODBOPA,14234006
VTJH3TK4WGAGBOJWKMP25VHUG6A63DFMBRXID72JA4CBXWW35QCISNPD3A,7FWGNILNV5GH6CCVIMHTP7O7IHINLCUVFAERIMPLGS2AHCE5Y62Q,287000000
LO6EJTW5KKPPEFIYHPLYJMWSGRWSRBAXED4H4XH2A7D632ZAKJ7GFZZQR4,RLGRDPM46MXAZLPPAV2QOUSUXG564RQZIUPCZAM6XVH2ZQWE5HPA,35110387601
6O75HPLRIHGUTZYIG6VGWIIFXBT7QYLLV5CDWCGT7LSMNIQWT4ACOUSO3E,V6M7DXK5V2MPDFPQ72F7SSAHGMTTOM67SBSMC6UHIDN2OIFCFYQQ,1279660822
GSTQHUXFFNJQ37VHTK2GUXFE464W6SAREBIOCGOM5T6XJ5W7L2OZT3SZGA,VPPNILGWJKLR3Q5EVNP6XQ6YNWK4NPQQKRRJEFVS4IZTTI35ZWYQ,8465686477
NWHHXYDRNXEWCBMUMVPUKAI6HGO4BSJE6WJUAEGJDZAA3SQP5IQTI4EZIA,VY6BHTQAJ73DFMX2FCFWYULMG3PYGXU47ESQA4LQQL6BIC4DO6WQ,41368637
POKR4OVNYYWK6OAMRJAGCKKZOMYBY37OPE4QUWX7TWO54P7NESV2NBX3YY,T3H5IWD5EWDH7PYHCB257BPU43YNLFSALFVQEZT3LLZZIESKLKSQ,200000000
XGVBGMVRIU2C267EJOX35YRHVRSPTSBZOPB4A3JSJETZUGCI4MWHDYHJ7Q,3MM76PV6AYJ2FIZ2WZL6VFNFV75ZK5FC6E33QDPM3NAVGE3SYEDQ,2141915037
DKX42PGQ5VSTEEQLD6MFZLHW6G4PNMQQTS2K26NYOPTQYTIRGPZEPCZKGI,KR4OESTKFIWS4JZHQHAMSTOK555VP3EAOWJHYADI2UYOHNRPHP5Q,50306769
6DHYUU52EDH734C62RR67OENFM4YLYILFJAXK5EGLUJE3D322WY565TJI4,M67DSBSRSKZJKUTYT4MB6FJGUXQI3ZI46F2YZZWVQWPLDU6QPDGQ,172670316339
AATLYA7LEEMEROCGUK5GNE372JCUCXLE7FXIJGT5EWSDDKZJU7AU3OG2ZQ,X7PC2J6HIPJF32ZAHWKIB7YWHTLJOUZKEOEJ2JTBPKKTQ6CR6VDA,19805807706
MKPURXUM6FKFV7NC7SYQSE4VWEUYOCUSPDE3AIVA3YTBRLIINOAXJNKKNA,WCNU5G6XOFGNIU3GT653E6YB77OPCJ7P6XAGON6NCAIKSO4WRF2A,19539261137
PA5PFHYK5X6NYT42CJ5TSM3OBAM4HWSNR3N7KMOKINURUWYDUD3DKRSA5E,EASA6C5VHYYROREAXVDG65WXALCYXADJ5CNQRWPPE3RZBFA2VZWA,8974000
GWX6ZKPNKCIMD736JUS5TLHKIC3F2C2FFJXJGTIGYFKUHM2YD6HZPMUH3Y,ULSOUKOHTOKJNQK5RVLWWVG64SWHL3PAGWFF3O3Z4PXTWDL65IQA,888997852
5YOVBQVSBY6OC7CIYCIKI5ESOTBSHKHJQ4KUYPJKX7ABTQ3XOW7AXNJ3Q4,SC3VYW6762EGE4KMWT3UQCC5TMXD7IUEFQQ2EHU235W3C5HIRJFQ,5613112
LQR2EHYSYVALEYL7QPVEV7ZLGPYJVSHYIXS4OMHWOIREONM7WHVWWX6VX4,CZAPHWXTGOKEY473VLNJBX4CMROAQ4VUG7FBECDRULRVYQ2SYV3A,4408399936
UK75VJZS2GVZXG2JIQLNOA4EFSZE7IRROPIXKMPPCFCFDCOVKZOOZMLIAY,5DK3SBFTYGVD2K6BLTETYRI7SBCOMEG2UBDLEWEWAVKERXXNPVOA,12375629065
WH7X5Y4AXMRS5WMWSREUPCPSAORPSQUZNDO5VE6KGAQHSSFRQETEJEUUBA,XTLUFVQ5MRLVRPMP3OG4RESHO7LIESMDCUATAZHY3G6BDAZVRPJQ,2217377112
L6AT2C4LW2GBLWMTMFJSLHS63NPBCSGDWEHMOB5CFY33SPK3NOAA7GD3QY,O37CTB6GJUP3GS6BAHM5G2G3MMKX2NMVNEJYMNDCE7GAMZ6OMR7Q,102980314030
V3GCAIAI4JTTBOPC5RCW632VNK25K3DPSDXBMLMXZIMVYJS4G46WKGXCUE,2GOYTUC2NVNOMUI4KTO3KLZPHCDLZNO4QT7LMSHBJV2PSBKR6SAQ,12326044713
WNDPMMDRBSRDWEOPXXCSGRO4TAJKELB7UL3D2TE4LADLRG6WIWBEVFYCIE,TCHK526NVHKJ7W7L6O5GBKKPC4HEOGRMQZJA2LEHMLGI6Z5AWNQQ,110000000
52KECOWLXXLATJJ2QVZV725N2KBUHCYXTPF46T5PIJH23RIZUGWFLUN3LA,ZFEXOK3XHE4TECDFIPGC5TJ6MX3W7QXEABS4FCXUPIOLYFZ6EV3Q,1047334603
IG54BCOFAKXA6MKRUKRPECVG3GI6R6MDOX4VLXBIADKHYQTWNJZV6P7F4A,JJUXSLSYY5G6BUCBQUTWAU6ND42G2SHUL3QY3NYGG57ETXI4EMDQ,49726484567
3JMJ5OETVDC6H56WRRWBTDW3QAAEQB4E5POK2DGYXEW2VGQSMUEDDVFN3Y,O6GZ56RFJ2XP3YDSYROS7HN42KIDAPSHJUAD6MI2NC2AQKR76QVA,1654036283
IKILSXV6VUWWJSDW643PFZJ3HD7GBR7YSULZ6XELBMCU2GELQD3FU3LFT4,TDMMNFVCTODYLQ6B6IS43D67FJ25JFHDB7LWLO4IDZFKZM7BAFUQ,18678000000
QWZ3WLIQKQ26HOHDUUGKWTLZ26U5IC73FLNX6X7MPX7GPCNKPBWAQQTPO4,NRO7KV4FTRLRKQPXE2FU7OVBVRGY4AHRWAC37ZP5M3GEOHI4PEKA,408000000
2AH3LL32U6KYMDK2EZEBMQ6NZ2BFH6DJJSY6D4GDJA4F7RIVCNDD3VTDGY,QQRE2KK3SQ4ZCIOG5PCXXMU23STBXG7LBAOCRUX5TKTGSSALRN2A,6291622
5LQNWZUTD7RPGT7A45ZLVTQWOMHVFBX342YC57BQBTIQZKKOUFCHMWPQZY,7XHIFOOZNR2ARXM7BYH2CN6OFCEWO4BWKRQKBOPDJN3FW5CWMPYQ,2156000
TEF4B4BVKYPHMAVK6XX5KDG4H3UPI2XT6PTXRG44XAJN4SJ57TMRH2SBXY,ZJPAFQS7JQ3P3AFDTK7GUPMSAD6JXXPFRCDRHXTMMWNF3OBSMRRA,1067027416
HMMLFAFPPFKKIOESI4O3LGTDLZQM52MDV5CJ3YEZE6GJ2ZLGEOCCWXZHLU,M5I5DWKBWVBIWQUDTIEHGNQ2P2FQWS4HCJR7UVRKIGX2YRBNIUPQ,2850000000
FRLF76TLVEIKOBU5ROIE5L36QHKPMT5Z3XXOQGAK5JIEXMLNEX3V2NNAQY,266A6MSJMMM5DY4Z4FGO6GRSIM4Q5ZAADZ5QV7M576MTUIADZZZQ,22670811486
ZMOMMNUMQBW2N3GOX7QJUD6FCM6TPIJ7XKWEZCPZS7T2WLZXUWGULMKD54,YMPWXHH2BBRQDXTKG66EAAZ6KLVKG54KSNTWWXBCO625MF66QWZA,20452700540
4LM574QHKJXTLRZXN5FAEZS4BF7HDPJRMIVPAH7ZG7XVJO2LKYQYMUF6TI,NXHN24SR7VCMRCT4ARDL442G4BH33TLYOMB7GJN5RNPOM4BXSCVA,64811225
42ABF4AWSN2RVB2JERPAUU6PTPXNKXHLJSQHEQJELCRRXTZQN2F7Q2MCII,KAR6CNPIRBHQDB3YTOB5BA3T274SOZEYUZ6BOEOBSVTYYWYSSXSQ,5000000000
Q7KVNPEFMCW4PMWQU24OV53AYH3QCBPBUY47E4XXGLTUOG4EG7DSFHZB4U,6EVA2EQJFFQK2FBNEK2FFBOPGI7KETLP7GZDK42G54PE6QNSYLWQ,1190305343
WICRCK36I2TRKH4TSKDN4QJZEEY6W2CQA276NONSVRHOBOIKKEAQILSH3A,3DA47RTOXOFMWCVCOAOMJWI3K6CGIZSNBW6B6Y3GHE7DSKWNP3TA,500000000
53WFOKWE5JGKLM5D6OJAM4RVL2XTDENGNJEG5DDPCHZ62A3D5CFWATXPZ4,FVYGAHXJBXJKSIATMFPHA32ZPPWLWNWDQEX23EROE233TEKAR35Q,4726423090
LCIFQ5LQFVQ2JKUHXR2DVPZNFOVODRN2LAGPE45OQIT5M2LKXYMC6WUPEI,DQMUTEX7AB7EHPDOPYG6KMXWGZLKQMFQW243PIFYNAXBHHFDUHTA,250280239508
E6OTX4FFIX2PRXB7PMYTI3YWDWLHXW3HEDH6TTXAOYSPSR6KKAISVU7DJA,3CXA6FMML5M6G2ABLCHLKLBNCRRJYYUHJ6EGH37U4UXPIFJF5IUQ,1180000000
7BJMBCLFMK44PYEDJ4CQD6VE5HQN7R7T6CQPTQZ4ETOQ73XGBRPYLSGJFQ,JCBPUNGQILS6N7SSC5RAYMKP5A3KZZUU6MC2Q47QTD4FG6X3ESOQ,9839663037
CT4VZHHXCLM7NIU3XLUVQLG2PQ5QTPY3XNNSQVHO4UFTXTISLYZHPLWHF4,RCOATZIEYEQVDAHUJPXZQK5KEA3LXR7RXIXZVO57AUAPMDGV3KSA,946000
56P3R5276PIB5EYVKRJZVIPL6LO7EGHJCVXEXQFB3H2KVJA7FEOBDC624U,UJHCIXEUQN2YBZRFE7HTHTAJQK4S7BKFY6D5RWI4RG7B6CUYVBDQ,751456196
WAV3RHPUFWAW2M2IPVSGKGWQJVY4RUMOMMLVKZN326ZOXHNFOQS26HPZYI,U47FPGH7FTDMJUYKPTVGPCBGYPLW42ALXWMD2LW6KM3O55335C2A,1735797682
26CFC7KGKJC4MXCT4USFDM7WXKHPUHGW2TEXINKCD2JZH67EVX3YKYBHWU,3FMEFRY63HTFIB4GVH7UXN3ELP3UKR3SU6TM2TRW5A6J7NWGPTRQ,23000000000
X6WLKR4CGAKYN5MBVRZFDWRSXIVH4VBGBUU4QVYSHRLPQDXMWQJFSKZPSM,LLXEXEANKSUF6KPWW3AGQPNBTFV6N6S223ISPS4KW4GXO5IWTMXQ,95592360
UNWLE6JKVSZ4DAAQBS3JG25R2JE2VTWPIP72U5UOBWFF5SBCYYQAFYWJDY,FMCS4QYIJFEL63BYKFJSETVSCW3T3DBSN2T5EVMJZM6HA75YW2HQ,32897514
V524MQJNOXO3JVA6EF37D5ODT4BRFML3QIFTIOMSALDLMUPJOVA564ISEM,7PGHCVXGYD7JKZWYZEMZXYZXRS5655UHYQD2B7EOFFNE64ZMMI5A,2960233175
YBAMISLRBQSOTOBDUF2BQ2JRGDSF3PIVALICWYVCKWC5UVAJ4T4D43CDGY,SH5CE2VVMONCPVRPW6CCXEH3GVT7D4XBHLLJES2534BW3EC6EX7Q,20000000
S5SOI2KEYIQNZFXEIWUDET4JIOHPOU645EFCOKQCEF6524H5X2GEPU223Q,BCWFJTPLKRDQIRGEQ76MDSZ73O4CMHUVFYLA6RZDMW27P5K24CYQ,500000000
F72EGP76AZVHJXLTAFMYEV3QGRQY7ATGOJ3A2KK4DBSKVIGADU7ACXROQQ,RN3JGCK2OV2J3S4XTOCGMSLA777TB7C2YN7MZUONQQLP5WG4ZVFQ,8081926137
5NEGC4UYJVXN5VTO5WGELCJ3UNDWL4JVF2EU543CECQKJ4QCS6UODUWBJQ,H54DAXLTU52O5BXU66THZWIZ7J4CDMDNZ42V73Z723T4OFB4JK6A,101585000000
YFTWAHM4VLGTC7ZBLSJBKOSF5YTNZNICHVAVSTRV3TACMB7VY7N32WAIDI,K7LOESU7PFM3JI2WLXW6JGS5AHD2EOWMOVBTFQNXMUPA5ZJFKPDQ,4946836474
QXOMMIOOYYGP5K7QGOVXWITZB5PKZU5TS4WZW77RXCUGSAY7C3JXPOAKSI,77QTBYG63JLL6OGSJHU236AUYIBFGHDNGBKLVAO4PZHKMXWWV4EA,1090451094
PYLRINMV2SPLVMSQA2JO3KDKLCG76WQVKHV4EDOVBRN7UFH5P6HMU3RVYM,VC4QPE6Y7ANJJE57W4RZRGWGXPE3A32HYGKSECTHJCWCTMIQD4YQ,2090577616
PBW2OUVI3YHFPHVVGF4KNNY4FLG6ZIHCNAPITYFRSZ67HK7A5CHNLNSZPE,3TIRS32WGVS47C6Y4Z7YPAP5IICVDM6QUVEKNBO5ZDY25P3C734A,14434620320